3791;Codesoft
3792;LabelMark
3793;MarkWare
3817;Полиимид B-426 - заменен на В-724
3841;Полиэстер B-484
3843;B-423
3851;Риббоны серии R-6000
3852;Риббоны серии R-7950
3857;Риббоны серии R-4900
3860;Риббоны серии R-4500
3862;Риббоны серии R-7942
3865;Риббоны серии R-7960
3869;Риббоны серии R-4400
3966;тест
3981;Винил В-427
3982;Риббоны серии R-7961
3983;Риббоны серии R-7962
3984;Риббоны серии R-6600
3985;Риббоны серии R-6400
3986;Полиолефин B-342
3987;Полиолефин B-425
3988;Полиэстер B-8423
3989;Полиэстер B-422
3990;Полиэстер B-773
3991;Полиэстер B-722
3992;Полиэстер B-361
3993;Полиолефин B-429
3994;Полиэстер B-438
3995;Полиэстер B-483
3997;Принтер этикеток BRADY BBP11
4010;Принтер этикеток BRADY WRAPTOR
4011;Принтер этикеток BRADY PAM 3600
4012;Нейлоновая ткань В-499
4013;Полиэстер B-486
4014;Полиэстер B-489
4015;Полиэстер B-434
4016;Полиэстер B-435
4017;Полиэстер B-428
4018;Полиэстер B-413
4019;Полиэстер B-480
4020;Полипропилен B-412
4021;Полиимид B-479 - заменен на B-719
4022;Полиимид B-477 - заменен на В-717
4023;Полиэстер B-473
4024;Полиэстер В-7423
4025;Полиимид B-436
4026;Полиимид B-497 - заменен на В-729
4031;Аппликатор BSP31
4033;Полиэстер B-855
4034;Полиэстер B-854
4059;Принтер-аппликатор BSP61
4139;Brady Workstation
4140;Codesoft 2015
4158;Полиэстер B-8117
4160;Полиимид B-7727
4161;тест BBP122
4165;Маркеры в блокнотах
4166;Самоламинирующиеся маркеры в блокнотах
4167;Температурные этикетки (одноразовые)
4168;Температурные этикетки (многоразовые)
4258;Маркеры для надписывания
4260;Красящая лента 90 мм х 450 м
4261;Красящая лента 40 мм х 300 м
4262;Красящая лента 65 мм х 300 м
4263;Красящая лента 64 мм х 74 м
4300;Полиэстер B-459
4302;Пластиковые клипсы для маркировки кабеля и провода
124667;WM-0 кабельные маркеры
125195;WM-0-YL кабельные маркеры
125242;M71-R6000 риббон черный (аналог на TLS/HM R-6010), Resin, размер 50.80ммх46м
125511;WM-0-BL кабельные маркеры
125648;WM-A1 кабельные маркеры
125663;WM-GRS-PK кабельные маркеры. Знак заземления. Этикетка 38х6.35мм. 25 карт в упак. 36 маркеров на кар
125665;WM-PLS кабельные маркеры
125666;WM-1-33 кабельные маркеры
125761;WM-1-3 кабельные маркеры
125768;WM-1-10 кабельные маркеры
125779;WM-1-33-YL кабельные маркеры
125784;WM-1-33-OR кабельные маркеры
125788;WM-1-33-BL кабельные маркеры
125796;WM-1-33-BR кабельные маркеры
125801;WM-34-66-BK кабельные маркеры
125804;WM-A-Z кабельные маркеры
125829;WM-A-Z-TM кабельные маркеры
125830;WM-00-S кабельные маркеры
126083;SCN-05-G клипсы
126117;SCN-10-2 клипсы
126668;SCNGC-15-0-9 клипсы
126672;SCNGC-10-0-9 клипсы
126673;SCNGC-09-0-9 клипсы
126681;SCNGC-10-A-M клипсы
126688;SCNGC-09-A-M клипсы
126860;M71-2000-483-BL-KT Комплект для создания напольной маркировки. Размер 50х15.24м, синий
126862;M71-2000-483-GN-KT Комплект для создания напольной маркировки. Размер 50х15.24м, зеленый
127156;ELAT-15-361-5 этикетки
127313;"Комплект приложений для Brady Workstation &quot;Идентификация оборудования и проводов&quot; на CD"
127988;TIL-7-0C-50C обратимая этикетка, 11-уровневая индикация температуры 0-50°C (каждые 5 градусов), 18 х
127991;TIL-8-1C-12C обратимая этикетка, 12-уровневая индикация температуры от 1 до 12°C (каждый градус), 90
127994;TIL-11-43C-DIA обратимая этикетка, 1-уровневая индикация температуры 43°C (зеленый/красный), диаметр
128137;ELAT-44-425 этикетки (флажки Р-форма). 25 листов, 30 флажков на листе. 750 шт. в упаковке.
128444;"Риббон R-7960, Resin, черный, размер 40мм х 300м /O, 1 шт. в упак.(BP-PR; i7100)"
128598;Риббон R-7942, Wax, черный, размер 110мм х 100м /I, 1 шт. в упак. (для принтеров 1024Х,1244,1344)
128600;"Риббон R-7942, Wax, черный, размер 40ммх 300м /O, 1 шт. в упак.(BP-PR; i7100)"
128842;Риббон R-7950, Wax/Resin, синий, размер 110мм х 110м /I, 3 шт. в упак. (для принтеров 1024Х,1244
128843;Риббон R-7950, Wax/Resin, зеленый, размер 110мм х 110м /I, 3 шт. в упак. (для принтеров 1024Х,1244
128844;Риббон R-7950, Wax/Resin, красный, размер 110мм х 110м /I, 3 шт. в упак. (для принтеров 1024Х,1244
129295;LAT-3-410-10 этикетки
129299;LAT-26-747-10 этикетки
129301;LAT-26-652-10 этикетки
129370;ELAT-7-773 этикетки
129761;"Риббон R-7950, Wax/Resin, черный, размер 25мм х 300м /O, 1 шт. в упак.(BP-PR; i7100)"
129776;PWM-PK-1 кабельные маркеры, легенда 0-9
129777;PWM-PK-2 кабельные маркеры
129784;PWM-PK-9 кабельные маркеры
129785;PWM-PK-10 кабельные маркеры
129790;PWM-PK-15 кабельные маркеры
130615;BFS-05 Перманентный быстросохнущий маркер, толщина пера 1 мм
130837;PWS-PK-1 кабельные маркеры
130840;PWS-PK-14 кабельные маркеры
131244;"Риббон R-4400B, Resin, синий, размер 60мм х 300м /O, 1 шт. в упак. (BP-PR; i7100)"
131254;"Риббон R-4500R, Wax/Resin, красный, размер 60мм х 300м /O, 1 шт. в упак. (BP-PR; i7100)"
132090;TIL-1-82C/180F Этикетка - индикатор температур (1упак/60 шт.)
132096;TIL-6-37C/100F Этикетка - индикатор температур (1упак/30 шт.)
132130;Риббон R-4500S, Wax/Resin, серебристый, размер 56мм x 70м /O, 1 шт. в упак.(BBP11/12)
132379;"Риббон IP-R-4400-BL, Resin, синий, размер 60мм х 300м /O, 1 шт. в упак. (IP; i5100)"
132381;"Риббон IP-R-4400-RD, Resin, красный, размер 60мм х 300м /O, 1 шт. в упак. (IP; i5100)"
132383;"Риббон IP-R-4400-GR, Resin, зеленый, размер 60мм х 300м /O, 1 шт. в упак. (IP; i5100)"
132385;"Риббон IP-R-4500-BL, Wax/Resin, синий, размер 60мм х 300м /O, 1 шт. в упак. (IP; i5100) "
132389;"Риббон IP-R-4500-RD, Wax/Resin, красный, размер 60мм х 300м /O, 1 шт. в упак. (IP; i5100)"
132392;"Риббон IP-R-6000, Resin, черный, размер 60ммx300м /O, 1 шт. в упак. (IP; i5100)"
132424;LAT-45-707-10 этикетки
132824;Риббон R-6000, Resin, черный, размер 45мм x 100м /I, 1 шт. в упак.(1024Х,1244,1344)
133025;Риббон R-7950B, Wax/Resin, синий, размер 110мм х 70м /O, 1 шт. в упак. (BBP11/12)
133027;Риббон R-7950R, Wax/Resin, красный, размер 110мм х 70м /O, 1 шт. в упак. (BBP11/12)
133041;Риббон R-7960, Resin, черный, размер 35мм х 70м /O, 1 шт. в упак. (BBP11/12)
133048;Риббон R-6400, Resin, черный, размер 65мм x 70м /O, 1 шт. в упак. (BBP11/12)
133052;Риббон R-4900, Resin, черный, размер 35мм х 70м /O, 1 шт. в упак. (BBP11/12)
141574;EASYLINE EDGE Aerosol Paint Rocol. Белая краска системы EASYLINE (RAL9016), аэрозоль 750 мл.
141575;EASYLINE EDGE Aerosol Paint Rocol. Желтая краска системы EASYLINE (RAL 1023), аэрозоль 750 мл.
141576;EASYLINE EDGE Aerosol Paint Rocol. Красная краска системы EASYLINE (RAL 3020), аэрозоль 750 мл.
141577;EASYLINE EDGE Aerosol Paint Rocol. Синяя краска системы EASYLINE (RAL 5017), аэрозоль 750 мл.
141578;EASYLINE EDGE Aerosol Paint Rocol. Зеленая краска системы EASYLINE (RAL 6024), аэрозоль 750 мл.
141787;Лента напольная на подложке,  материал В-514 полиэстер, ширина 50,8 мм, длина 30 м, черная, ToughStr
141788;Лента напольная на подложке,  материал В-514 полиэстер, ширина 50,8 мм, длина 30 м, белая, ToughStri
141789;Лента напольная на подложке,  материал В-514 полиэстер, ширина 50,8 мм, длина 30 м, желтая, ToughStr
141790;Лента напольная на подложке,  материал В-514 полиэстер, ширина 50,8 мм, длина 30 м, красная, ToughSt
141791;Лента напольная на подложке,  материал В-514 полиэстер, ширина 50,8 мм, длина 30 м, синяя, ToughStri
141792;Лента напольная на подложке,  материал В-514 полиэстер, ширина 50,8 мм, длина 30 м, зеленая, ToughSt
141793;Лента напольная на подложке,  материал В-514 полиэстер, ширина 50,8 мм, длина 30 м, оранжевая, Tough
141794;Лента напольная на подложке,  материал В-514 полиэстер, ширина 50,8 мм, длина 30 м, черн/желтая, Tou
141795;Лента напольная на подложке,  материал В-514 полиэстер, ширина 50,8 мм, длина 30 м, красн/белая, Tou
141796;Лента напольная на подложке,  материал В-514 полиэстер, ширина 50,8 мм, длина 30 м, черн/белая, Toug
141817;Метки, диаметр 89 мм, красные (350 шт/рул), длина ленты 30 м, ширина 100 мм. Материал B-514.
141826;Следы, длина 254 мм, ширина 89 мм,желтые, (10 шт./упак - 5 правых и 5 левых). Материал B-514.
141829;Стрелки, длина 127 мм, ширина 50,8 мм, красные, (100 шт./рул). Материал B-514.
141830;Стрелки, длина 127 мм, ширина 50,8 мм, зеленые, (100 шт./упак). Материал B-514.
141831;Стрелки, длина 127 мм, ширина 50,8 мм, синие, (100 шт./упак). Материал B-514.
141832;Стрелки, длина 127 мм, ширина 50,8 мм, желтые, (100 шт./упак). Материал B-514.
141833;Стрелки, длина 127 мм, ширина 50,8 мм, черные, (100 шт./упак). Материал B-514.
141834;Стрелки, длина 127 мм, ширина 50,8 мм, белые, (100 шт./упак). Материал B-514.
141847;Обозначение угла, форма L, длина 127 мм, ширина 50,8 мм, красные, ( 20 шт./упак). Материал B-514.
141848;Обозначение угла, форма L, длина 127 мм, ширина 50,8 мм, зеленые, ( 20 шт./упак). Материал B-514.
141849;Обозначение угла, форма L, длина 127 мм, ширина 50,8 мм, синие, ( 20 шт./упак). Материал B-514.
141850;Обозначение угла, форма L, длина 127 мм, ширина 50,8 мм, желтые, ( 20 шт./упак). Материал B-514.
141851;Обозначение угла, форма L, длина 127 мм, ширина 50,8 мм, черные, ( 20 шт./упак). Материал B-514.
141852;Обозначение угла, форма L, длина 127 мм, ширина 50,8 мм, белые, ( 20 шт./упак). Материал B-514.
141853;Разделитель, форма Т, длина 127 мм, ширина 50,8 мм, красные, ( 20 шт./упак). Материал B-514.
141854;Разделитель, форма Т, длина 127 мм, ширина 50,8 мм, зеленые, ( 20 шт./упак). Материал B-514.
141855;Разделитель, форма Т, длина 127 мм, ширина 50,8 мм, синие, ( 20 шт./упак). Материал B-514.
141856;Разделитель, форма Т, длина 127 мм, ширина 50,8 мм, желтые, ( 20 шт./упак). Материал B-514.
141857;Разделитель, форма Т, длина 127 мм, ширина 50,8 мм, черные, ( 20 шт./упак). Материал B-514.
141858;Разделитель, форма Т, длина 127 мм, ширина 50,8 мм, белые, ( 20 шт./упак). Материал B-514.
141883;Разделитель перекрестка/ обозначение центра (форма +), длина 127 мм, ширина 50,8 мм, красные, (20 шт
141886;Разделитель перекрестка/ обозначение центра (форма +), длина 127 мм, ширина 50,8 мм, желтые, (20 шт.
141887;Разделитель перекрестка/ обозначение центра (форма +), длина 127 мм, ширина 50,8 мм, черные, (20 шт.
141888;Разделитель перекрестка/ обозначение центра (форма +), длина 127 мм, ширина 50,8 мм, белые, (20 шт./
141913;"Напольная самоклеющаяся табличка с надписью &quot;Chemical  Storage&quot;, материал В-534, цвет - черный и кр"
141914;"Напольная самоклеющаяся табличка с надписью &quot;Watch Your Step&quot;, материал В-534, цвет - черный на желт"
141916;"Напольная самоклеющаяся табличка с надписью &quot;Watch Out For Fork Lift &quot;, материал В-534, цвет - черн"
141917;"Напольная самоклеющаяся табличка с надписью &quot;Ear Protection Area&quot;, материал В-534, цвет - черный"
141918;"Напольная самоклеющаяся табличка с надписью &quot;Eye Protection Area&quot;, материал В-534, цвет - черный"
141919;"Напольная самоклеющаяся табличка с надписью &quot;Hard Hat Area&quot;, материал В-534, цвет - черный на желтом"
141922;"Напольная самоклеющаяся табличка с надписью &quot;EYE WASH&quot;, материал В-534, цвет - черный и зеленый"
141923;"Напольная самоклеющаяся табличка с надписью &quot;Keep Aisles Clear&quot;, материал В-534, цвет - черный и син"
141924;"Напольная самоклеющаяся табличка с надписью &quot;Pedestrian Traffic Only&quot;, материал В-534, цвет - черный"
141925;"Напольная самоклеющаяся табличка с надписью &quot;Safety Glasses Required&quot;, материал В-534, цвет - черный"
141926;"Напольная самоклеющаяся табличка с надписью &quot;Stop&quot;, материал В-534, цвет - черный и красный на белом"
141927;"Напольная самоклеющаяся табличка с надписью &quot;Warning Forklift Traffic&quot;, материал В-534, цвет - черн"
141928;"Напольная самоклеющаяся табличка с надписью &quot;Production Area&quot;, материал В-534, цвет - черный на желт"
141932;Метки на прозрачной ленте, диаметр 89 мм - 55 меток с промежутком 457 мм, желтые, длина ленты 6 м, ш
141938;Стрелки на прозрачной ленте, 50,8 мм Х 127 мм - 52 стрелки с промежутком 457 мм, желтые, длина ленты
141941;Пунктир на прозрачной ленте 50,8 мм X 203,2 мм - 46 пунктиров с промежутком 457 мм, желтые, длина ле
142432;BLS2000 Ламинирующая система
142547;B30C-4000-483OR-KT Комплект для создания напольной маркировки. Включает: 1 рулон полиэстера B-483
142550;B30C-4000-483BK-KT Комплект для создания напольной маркировки. Включает: 1 рулон полиэстера B-483
142553;B30C-4000-483GN-KT Комплект для создания напольной маркировки. Включает: 1 рулон полиэстера B-483
142556;B30C-4000-483BL-KT Комплект для создания напольной маркировки. Включает: 1 рулон полиэстера B-483
142559;B30C-4000-483RD-KT Комплект для создания напольной маркировки. Включает: 1 рулон полиэстера B-483
142562;B30C-4000-483YL-KT Комплект для создания напольной маркировки. Включает: 1 рулон полиэстера B-483
142566;B30C-4000-483WT-KT Комплект для создания напольной маркировки. Включает: 1 рулон полиэстера B-483
142827;"Приложение для Brady Workstation &quot;Написание LOTO-процедур&quot;, CD, 1 шт/упак"
142885;Трафарет для напольной разметки краской. Ширина 50.8 мм, 152.40 м в рулоне. Полипропилен B-518. Pain
142888;Трафарет для напольной разметки краской. Пунктирная линия 203.2 х 50.8 мм.75 пунктиров. Ширина рулон
142889;Трафарет для напольной разметки краской. Ширина 50.8 мм, 30.50 м в рулоне. Полиэстер B-519 (усиленны
142891;Трафарет для напольной разметки краской. Пунктирная линия 203.2 х 50.8 мм.75 пунктиров. Ширина рулон
142893;Трафарет для напольной разметки краской. Пунктирная линия 203.2 х 50.8 мм. 375 пунктиров. Ширина рул
142895;Трафарет для напольной разметки краской. Ширина 50.8 мм, 30.50 м в рулоне. Полипропилен B-518. Paint
142897;Трафарет для напольной разметки краской. Ширина 50.8 мм, 152.40 м в рулоне. Полиэстер B-519 (усиленн
142898;Трафарет для напольной разметки краской. Пунктирная линия 203.2 х 50.8 мм. 375 пунктиров. Ширина рул
142912;"Комплект приложений для Brady Workstation &quot;Печать знаков безопасности для Европы&quot; на CD"
143077;"PIC 327 Предупреждающий знак безопасности &quot;Восприимчивость устройства к электростатическим разрядам&quot;"
143093;"PIC 251 Предписывающий знак безопасности &quot;Работать в защитной каске&quot;, 50 мм, 250 шт/рул, B-7541(лами"
143099;"PIC 334 Предупреждающий знак безопасности &quot;Возможно травмирование рук&quot;, 25 мм, 250 шт/рул, B-7541(ла"
143102;"PIC 229 Запрещающий дорожный знак &quot;Въезд запрещен&quot;, 25 мм, 250 шт/рул, B-7541(ламинированный полиэст"
143318;Лента предупреждающая фотолюминисцентная белая, ширина 25 мм Х длина 9м
143320;След правый предупреждающий фотолюминисцентный белый, противоскользящий, ширина 8,5 см Х 21 см, 1 шт
143322;Знак «ВЫХОД» с указанием направления открывания двери – ручка слева, материал В-324, фотолюминесцент
143324;Точка предупреждающая фотолюминисцентная белая, противоскользящая, диаметр 50 мм, 10 шт
143897;Самоклеющийся полиуретановый защитный амортизатор, модель А, желтый-черный, 1 м
143901;Самоклеющийся полиуретановый защитный амортизатор, модель В, желтый-черный,1 м
143903;Самоклеющийся полиуретановый защитный амортизатор, модель С, желтый-черный,1 м
143905;Угловой соединительный элемент для полиуретановых амортизаторов
143907;"Самоклеющийся амортизатор, модель &quot;угловой профиль&quot;,  680*110*14мм, 10 шт."
143908;"Амортизатор, модель &quot;торцевой профиль&quot;, 660*28*29мм, 10 шт. Без адгезива."
143909;"Самоклеющийся амортизатор, модель &quot;П-образный профиль&quot;, 750*151*14мм, 10 шт."
144372;"PIC 313 Предупреждающий знак безопасности &quot;Взрывоопасная атмосфера(ЕХ)&quot;, 25 мм, 250 шт/рул, B-7541(л"
144373;"PIC 314 Предупреждающий знак безопасности &quot;Пожароопасно. Окислитель&quot;, 25 мм, 250 шт/рул, B-7541(лами"
144375;"PIC 318 Предупреждающий знак безопасности &quot;Возможно травмирование ног&quot;, 25 мм, 250 шт/рул, B-7541(ла"
144377;"PIC 321 Предупреждающий знак безопасности &quot;Вредные для здоровья аллергические (раздражающие) веществ"
144391;"PIC 302 Предупреждающий знак безопасности &quot;Ядовитые вещества&quot;, 50 мм, 250 шт/рул, B-7541(ламинирован"
144426;"PIC 216 Запрещающий знак безопасности &quot;Запрещается пользоваться лифтом для подъема людей&quot;, 100 мм, 2"
144445;"PIC 204 Запрещающий знак безопасности &quot;Запрещается пользоваться в качестве питьевой воды&quot;, 25 мм, 25"
144452;"PIC 211 Запрещающий знак безопасности &quot;Не кататься на погрузчике&quot;, 25 мм, 250 шт/рул, B-7541(ламинир"
144469;"PIC 230 Дорожный знак &quot;Движение без остановки запрещено&quot;, 25 мм, 250 шт/рул,  B-7541(ламинированный "
144484;"PIC 214 Запрещающий знак безопасности &quot;Не катать людей на погрузчике&quot;, 50 мм, 250 шт/рул, B-7541(лам"
144485;PIC 215 Запрещающий знак безопасности, 50 мм, 250 шт/рул, B-7541(ламинированный полиэстер)
144495;"PIC 225 Дорожный знак &quot;Не парковаться&quot;, 50 мм, 250 шт/рул,  B-7541(ламинированный полиэстер)&quot;"
144511;"PIC 261 Предписывающий знак безопасности &quot;Работать в средствах индивидуальной защиты органов дыхания"
144519;"PIC 269 Предписывающий знак безопасности &quot;Надевайте защитную шапочку&quot;, 100 мм, 250 шт/рул , B-7541(л"
144534;"PIC 256 Предписывающий знак безопасности &quot;Проход здесь&quot;, 25 мм, 250 шт/рул , B-7541(ламинированный п"
144535;"PIC 257 Предписывающий знак безопасности &quot;Отключить штепсельную вилку&quot;, 25 мм, 250 шт/рул , B-7541(л"
144536;"PIC 258 Предписывающий знак безопасности &quot;Направляющая стрелка&quot;, 25 мм, 250 шт/рул , B-7541(ламиниро"
144545;"PIC 267 Предписывающий знак безопасности &quot;Надевайте респиратор&quot;, 25 мм, 250 шт/рул , B-7541(ламиниро"
144568;"PIC 262 Предписывающий знак безопасности &quot;Работать в защитных наушниках и каске&quot;, 50 мм, 250 шт/рул "
144570;"PIC 264 Предписывающий знак безопасности &quot;Работать в защитных очках, наушниках и каске&quot;, 50 мм, 250 "
144572;PIC 266 Предписывающий знак безопасности, 25 мм, 250 шт/рул , B-7541(ламинированный полиэстер)
144574;"PIC 268 Предписывающий знак безопасности &quot;Работать в респираторе&quot;, 50 мм, 250 шт/рул , B-7541(ламини"
146496;"STE 13, Маркировка упаковки Обращаться с осторожностью, легенда &quot;Handle with care&quot;, 148*210 мм, B-75"
146497;"STE 14, Маркировка упаковки Хрупкое, легенда &quot;Fragile&quot;, 148*210 мм, B-7541(ламинированный полиэстер,"
146509;Фотолюминесцентные стрелки, 17,5*11 см, 10 шт
146511;Фотолюминесцентные противоскользящие полосы, алюминий стандартной интенсивности, 80*3 см, 1 шт
146514;Фотолюминесцентные противоскользящие полосы, алюминий высокой интенсивности, 80*5 см, 1 шт
146516;Фотолюминесцентные противоскользящие полосы, алюминий высокой интенсивности, полосатый, 80*3 см,
146540;"PIC-320 Предупреждающий знак безопасности &quot;Поражение электрическим током&quot;, 25 мм, 250 шт/рул, B-7541"
146541;"PIC-329 Предупреждающий знак безопасности &quot;Заземление&quot;, 25 мм, 250 шт/рул, B-7541(ламинированный пол"
146543;"PIC-327 Предупреждающий знак безопасности &quot;Восприимчивость устройства к электростатическим разрядам&quot;"
146545;"PIC-315 Предупреждающий знак безопасности &quot;Горячая поверхность&quot;, 25 мм, 250 шт/рул, B-7541(ламиниров"
146549;"PIC 209 Запрещающий знак безопасности &quot;Доступ посторонним запрещен&quot;, 25 мм, 250 шт/рул, B-7541(ламин"
146553;"PIC 467  Нормативный знак &quot;СЕ-маркировка&quot;, 25 мм, 250 шт/рул, B-7541(ламинированный полиэстер)&quot;"
146563;Лента напольная для обозначения опасных мест, красно-белая, WS8V 50мм*33м 
146566;Лента напольная для обозначения опасных мест, черно-желтая, WS8V 50мм*33м 
146568;Предупреждающие панели, красно-белые, 286*428 мм, 10 штук
146711;"Преграждающая лента, легенда &quot;CAUTION DO NOT ENTER&quot;, 75 мм*250 м, черный на желтом, полиэтилен, 1 ру"
146734;Стойка опорная желт./черн. c заполняемым основанием 3.7л (4шт. в упаковке). Высота 90 см.
146736;Стойка ограждения с основанием (4шт в упаковке), черно/желтая, 1,6кг, 90 см.
146739;Заполняемая основа для предупреждающего столба Bradylink, диам. 25, высота 12 см, 1 шт.
146740;Резиновое основание для предупреждающего столба Bradylink, размер 27 см, 1 шт.
146751;"Преграждающая лента, легенда &quot;DANGER HIGH VOLTAGE&quot;, 75 мм*250 м, черный на желтом, полиэтилен, 1 рул"
146752;"Преграждающая лента, легенда &quot;CAUTION&quot;, 75 мм*250м, черный на желтом, полиэтилен, 1 рулон"
146804;"Упаковочные этикетки &quot;Беречь от влаги&quot;, 74*105 мм, B-7541(ламинированный полиэстер), 1 шт&quot;"
146806;"Упаковочные этикетки &quot;Верх, не кантовать&quot;, 74*105 мм, B-7541(ламинированный полиэстер), 1 шт&quot;"
146933;Фотолюменисцентные кружки на картах
146935;Фотолюменисцентные стрелки на картах
146937;Фотолюменисцентные стрелки белые на зеленом. Круг диаметром 95мм. 10 шт/упак
147064;Полиэтиленовая цепь для заграждения Bradylink, желтая, 25 м, 2,7 кг
147085;Преграждающая лента, полосатая, черно-желтая, 75 мм*500 м, 1 рулон
147090;Стойка опорная черно-желтая c цементным основанием, 3,5 кг, Высота 90 см, в упаковке 4 шт.
147094;Стойка опорная черно-желтая c треугольным пластиковым основанием(не цементным),  Высота 90 см, 4 шту
147095;Пластиковая опорная стойка без основания+ верхушка, черно-желтая, диам.столба -  60 мм, высота 900 м
147099;Треугольное пластиковое основание(не цементным), сторона 29 см, 1 шт
147101;Верхушка от Bradypost, черная, 1 шт
147102;Верхушка от Bradypost, красная, 1 шт
147103;Верхушка от Bradypost, белая, 1 шт
147104;Информационное табло, размер А4, черное, 1 шт
147108;Набор съемных виниловых цифр, высота знака 90 мм, 1200 шт
147824;Лента напольная маркировочная для разметки, прочная, черно-белая, 50 мм*16.5м, B-950
147828;Лента напольная маркировочная для разметки, прочная, красно-белая, 50 мм*16.5м, B-950
147832;Лента напольная маркировочная для разметки, прочная, черно-желтая, 50 мм*16.5м, B-950
147835;Лента напольная маркировочная для разметки, прочная, желто-розовая, 50 мм*16.5м, B-950
147881;Лента напольная,  желтая, 50мм х 33м, B-726 (винил), 1 рулон
147882;Лента напольная,  красная, 50мм х 33м, B-726 (винил), 1 рулон
147883;Лента напольная,  зеленая, 50мм х 33м, B-726 (винил), 1 рулон
147884;Лента напольная,  белая, 50мм х 33м, B-726 (винил), 1 рулон
147885;Лента напольная,  синяя, 50мм х 33м, B-726 (винил), 1 рулон
147887;Лента напольная,  черная, 50мм х 33м, B-726 (винил), 1 рулон
148493;"Знаки пожарного оборудования, белый на красном, легенда &quot;CO2&quot;, 200*250 мм, самоклеющийся винил, 1 шт"
148495;Знаки пожарного оборудования FIRE FIGHTING, без легенды, 250*250 мм, самоклеющийся винил, 1 шт
148504;Знаки пожарного оборудования ONLY HAND/ALARM BUTTON, без легенды, 250*250 мм, самоклеющийся винил, 1
148540;Эвакуационные знаки, белый на зеленом, без легенды, бегущий человек влево, стрелка влево, 150*300 мм
148585;Знак первой помощи символ креста, без легенды, белый на зеленом, 250*200 мм, самоклеющийся винил, 1 
148619;Эвакуационные знаки, белый на зеленом, без легенды, стрелка влево, 125*125 мм, самоклеющийся винил, 
148651;Эвакуационные знаки, белый на зеленом, без легенды, бегущий человек вправо, 125*125 мм, самоклеющийс
149863;Лента для  разметки стен и пола светоотражающая B-957 винил, жел/черн, шир.50 мм, длина 4,5 м
149864;Лента для  разметки стен и пола светоотражающая B-957 винил, крас/бел, шир.50 мм, длина 4,5 м
149865;Лента для  разметки стен и пола светоотражающая B-957 винил, черн/бел, шир.50 мм, длина 4,5 м
150045;Лента антискольжения Anti-Skid, черно-желтая, 25 мм*18 м, 1 рулон
150050;"Ленты антискольжения/вырубленные накладки для обозначения опасных мест, легенда &quot;Caution&quot;, 15 см*60 "
150052;Накладки антискольжение черные с фотолюм. полосой  150*600 мм, 24 накладки.
150053;"Ленты антискольжения/вырубленные накладки для обозначения опасных мест, легенда &quot;Watch your step&quot;, 1"
150054;Ленты антискольжения/вырубленные накладки, красные, 140*140 мм, 50 шт
150055;Лента антискольжения зеленая, 50мм*18м, для использования внутри/снаружи помещения, 1 рулон
150056;Лента антискольжения желтая, 50мм*18м, для использования внутри/снаружи помещения, 1 рулон
150057;Лента антискольжения оранжевая, 50мм*18м, для использования внутри/снаружи помещения, 1 рулон
150058;Лента антискольжения Anti-Skid, бело-серая, 50 мм* 18 м, 1 рулон
150060;Лента антискольжения Anti-Skid, черная, 25 мм* 18 м, 1 рулон
150063;Ленты антискольжения/вырубленные накладки, черные, 19*600 мм, 50 шт
150069;Лента антискольжения Anti-Skid, красно-коричневая, 50 мм* 18 м, 1 рулон
150073;Соединительное звено Brady, желтое, 50 мм, полиэтилен, 36 шт
150078;Соединительный крючок Brady, желтый, 50 мм, 36 шт
150156;Аппликатор (диспенсер) для лент без подложки
150438;"PIC W001-Tri 025 PIC-308 Предупреждающий знак безопасности &quot;Опасность&quot;, треугольник со стороной 25 м"
150443;"PIC W012-Tri 025 PIC 307 Предупреждающий знак безопасности &quot;Высокое напряжение&quot;, треугольник со стор"
150506;Фотолюминесцентная лента со знаком PIC Е001, класс свечения В, материал B-7568, ширина 80мм, длина 1
150508;Фотолюминесцентная лента, класс В, материал В-7568, ширина 20 мм, 10 м в рулоне
150511;Фотолюминесцентная лента черно-белая, материал B-7568, ширина 40 мм, 10 м в рулоне
150513;Фотолюминесцентная лента со стрелками, материал B-7568, ширина 80 мм, 10 м в рулоне
150514;Фотолюминесцентная лента зелено-белая, материал B-7568, ширина 40 мм, 10 м в рулоне
150516;Фотолюминесцентная лента красно-белая, материал B-7568, ширина 40 мм, 10 м в рулоне
150548;Светящиеся в темноте стрелки (в виде галочек), 50 мм * 4,5 м, B-324(полиэстер),1 рулон
150550;Светящиеся в темноте стрелки(в виде стрелочек), 50 мм * 4,5 м, B-324(полиэстер),1 рулон
172789;CH100 Салфетка ярко желтого цвета с STF пиктограммой для сбора химических проливов. 38х48см. Перфора
172790;CH15P Салфетки в рулоне, ярко желтого цвета для сбора химических проливов. 38см х 46м. Перфорация че
172792;Салфетки Reform 38х48см (100шт/упак)
172796;Бонн. 13см диаметр. Длина 1м.
172797;SPC станция пустая. Надписи на английском.
172798;SPC станция для сбора нефтесодержащих продуктов. Надписи на английском. Комплект: рулон салфеток – 1
172799;SPC станция для сбора нефтесодержащих продуктов. Надписи на английском. Комплект: рулон салфеток – 1
172800;SPC станция для сбора химических продуктов. Надписи на английском. Комплект: рулон салфеток – 19см x
172803;SPC станция для сбора универсальных продуктов. Надписи на английском. Комплект: рулон салфеток – 19с
172807;Re-Form - универсальный сыпучий сорбент для сбора любых типов жидкостей. В упаковке 13.6 кг.
172810;AD15100-BLUE, синий впитывающий мат на клеевой основе, 371 мм х30.48 м, адсорбция 55 л
172812;HSW-2-BB Низкопрофильный пластиковый поддон Workfloor с решеткой. Химически устойчивый, черный. Для 
172814;HSW-CS Соединительная рейка для поддонов Workfloor. Размер: 700х40х40мм
172816;HSW-CC Перекрестный разъем для соединения поддонов Workfloor, 150 мм
172817;HSW-R Платформа (пандус) для загрузки поддонов Workfloor, размер: 1290х810х180мм
172819;HSP-4-BB Пластиковый поддон с решеткой. Химически устойчивый, черный. Для 4 бочек. Грузоподъемность:
172820;SPEB-2  Пластиковый поддон EURO без решетки. Химически устойчивый, черный. Для 2 бочек. Грузоподъемн
172822;MR-1 Модульная платформа (пандус) наклонная часть, высота подъема 150 мм, размер: 1000х750х150мм
172824;IBC-S Европоддон высокий (для еврокуба), размер: 1450х1450х1000мм, грузоподъемность:  2000 кг., емко
172826;IBC-DS Диспенсер для Европоддона высокого  640х590х1065мм, емкость: 100 л.
172828;PU50, Герметичный уплотнитель, 50 см х 50 см
172829;PU60, Герметичный уплотнитель, 60 см х 60 см
172832;SXT200-E Впитывающие салфетки, 40 см x 50 см, с перфорационной линией, нетканые. Упак. 200 шт на 136
172834;OP100-E Масловпитывающие салфетки, 40 см x 50 см, большой емкости, с перф.линией, уп.100 шт., на 112
172836;SPC105-E Впитывающие салфетки oil, 40 см x 50 см, Большой емкости, с перфорационной линией, нетканые
172837;SPC100-E Масловпитывающие салфетки, 40 см x 50 см. Большой емкости, с перфорационной линией, нетканы
172839;SPC300-E Масловпитывающие салфетки, 41 см x 51 см. Средней емкости, с перфорационной линией, нетканы
172841;SPC50-E Масловпитывающие салфетки, 84 см x 100 см. Большой емкости, с перфорационной линией, нетканы
172842;ENV100-M Масловпитывающие салфетки, 40 x 50 см, большой емкости, с перф. линией, уп.100 шт., на 136 
172844;ENV300-M Масловпитывающие салфетки МAXX, 41 см x 51 см., малой емкости, уп.100 шт., на 111 л
172846;SR1850 Антистатические масловпитывающие салфетки, 38 см x 48 см. Меньшей емкости. Упак. 50 шт. на 30
172848;TM30 Масловпитывающая салфетка, 74 см x 74 см. Тяжеловесная, нетканая, с барьерным нижним покрытием.
172849;SXT315-P-E Масловпит. салфетки в рулоне, 38 см x 46 м, средней емкости, уп.-рулон, на 73 л
172851;OP15-E Масловпитывающие салфетки в рулонах для MRO, 38 см x 46 м. Большой емкости, нетканый. Упак. 1
172852;OP15-P-E Масловпитывающие салфетки в рулонах для MRO, 38 см x 46 м. Большой емкости, с перфорационно
172854;OP15-DPS-E Масловпитывающие салфетки в рулонах для MRO, 38 см x 22 м. Большой емкости, с двойной пер
172856;OP30-P-E Масловпитывающие салфетки в рулонах, 76 см x 46 м. Большой емкости, с перфорационной линией
172858;SPC155 Масловпитывающие салфетки в рулонах, 96 см x 44 м Большой емкости, нетканый. Упак. 1 рулон на
172860;SPC150 Масловпитывающие салфетки в рулонах, 96 см x 44 м. Большой емкости, нетканый. Упак 1 рулон на
172862;ENV150-E Масловпитывающий материал в рулоне, 96 см x 44 м, большой емкости, уп.1 шт., на 274 л
172864;TM58 Масловпитывающий мат, 147 см x 24.4 м. Большой емкости, нетканый, с барьерным нижним покрытием.
172866;TM29 Масловпитывающий мат, 74 см x 24,4 м. Средней емкости, нетканый, с барьерным нижним покрытием. 
172868;SPC810-E Впитывающий бон премиум-класса для сбора нефтеразливов, диам. 20 см x 3 м Большой емкости (
172870;SPC510 Впитывающий бон премиум-класса для сбора нефтеразливов, диам. 13 см x 3 м Стандартной емкости
172872;ENV810 Впитывающий  бон голубого цвета для адсорбции нефтеразливов, диам. 18 см x 3 м, стандартной е
172875;SPC818-E Погружаемый бон для адсорбции нефтеразливов, диам 20 см x 45 см Большой емкости. Упак. 10 ш
172877;OIL430 Масловпитывающий бон, диаметр 7,6 см x 122 см, упак. 30 шт на 106 л.
172878;OIL412 Масловпитывающий бон, диам 7.6 см x 122 см, упак. 12 шт на 43 л.
172880;OIL124 Масловпитывающий бон, диам. 7.6 см x 366 см, упак 4 шт на 43 л.
172882;OIL1818 Масловпитывающая подушка, 43 см x 48 см, упак 16 шт на 105 л.
172883;OIL1818-2 Масловпитывающая подушка, 43 см x 48 см, упак 8 шт на 53 л.
172886;DTO25 Масловпитывающее покрытие для бочки OIL ONLY,  диам. 56 см, уп.25 шт., на 26 л (белая)
172889;AW561 Впитывающий гибкий бон для MRO, диам 7,6 см x 17 м, уп.1 шт.+30 клипс, на 53 л
172890;AW430 Впитывающий  бон для MRO, диам. 7.6 см x 122 см, уп.30 шт., на 113 л.
172891;AW412 Впитывающий бон для MRO, диам. 7.6 см x 122 см, уп.12 шт., на 45 л.
172894;AW1818 Впитывающая подушка для MRO, 43 см x 48 см, уп.16 шт., на 105 л
172895;AW1818-2 Впитывающая подушка для MRO, 43 см x 48 см, уп.8 шт., 53 л
172897;DTA25 Масловпитывающее покрытие для бочки, MRO, на 205 л,диам. 56 см, уп.25шт., на 26 литров (серая)
172901;SPC1900 Материал для траления нефтепродуктов с водных поверхностей, 48 см x 30.5 м. упак 1 полоса на
172902;ONO30 Нефтеулавливающая сеть для ручного применения, 30 штук в упаковке, адсорбция 182л.
172904;CS-CB18 Органический продукт переработки мха способом дробления для очистки земли и воды от масел и 
172905;SPCMB-0525 Минибон для сбора нефтеразливов, общая высота 20 см (поплавок 7.5 см - 12.5 см ограждение
172907;SPCJR-1210 Средний бон для удержания нефтеразливов, общая высота 45 см (поплавок 15 см, заграждение 
172909;UXT200-E Экстрапрочные впитывающие салфетки для жидкостей промышленного назначения, 40 см x 50 см. М
172911;MRO100-E Впитывающие салфетки, 40 см x 50 см. Большой емкости, с перфорационной линией,упак 100 шт. 
172913;MRO150-DND-E Впитывающие салфетки для сбора протечек, 41 см x 51 см. Большой емкости, с перфорационн
172914;GP100-M Впитывающие салфетки МAXX для обслуживания и ремонта, 40 x 50 см средней емкости, с перфор. 
172916;SW1200 Протирочные салфетки для MRO, 30 см x 38 см, в уп.500 шт., на 48 л
172917;UXT315-P-E Впитывающие салфетки в рулонах, 38 см x 46 м.Средней емкости, с перфорационной линией, не
172919;MRO15-E Впитывающие салфетки в рулонах, 38 см x 46 м Большой емкости и нетканый, упак 1 рулон на 94 
172921;MRO15-DP-E Впитывающие салфетки в рулонах, 38 см x 46 м Большой емкости, с двойной перфорационной ли
172923;MRO315-P-E Впитывающие салфетки в рулонах, 38 см x 46 м Средней емкости, с перфорационной линией и н
172925;MRO30-P-E Впитывающие салфетки в рулонах, 76 см x 46 м Большой емкости, с перфорационной линией и не
172927;MRO330-DP-E Впитывающие салфетки в рулонах, 76 см x 46 м Средней емкости, с двойной перфорационной л
172928;GP150-E Рулон нетканый для MRO без перфорации, 96 см x 44 м. Средней емкости, уп. 1 рул. на 192 л
172931;SA-AFO Комплект для ремонта и обслуживания оборудования, состоящий из одного (1) адсорбирующего руло
172934;BM15-E Прочные впитывающие салфетки для MRO в рулонах с камуфляжным покрытием BATTLEMAT, 38 см x 46 
172937;HT555-E Впитывающий рулон 5 в 1-ом в диспенсере с перфорацией, 38 см Х 46 м, впитываемость 89 литров
172939;BSM3650 Антискользящий непроницаемый мат, 91см x 15.25 м.,  средней емкости, барьерное нижнее покрыт
172941;SIR36 Покрытие для пола, 91 см x 91.5 м (Средней емкости). Упак 1 рулон на 223 л.
172943;UN100-E Впитывающие салфетки для химических реагентов, 40 см x 50 см, cредней емкости, с перфорацион
172945;UN15-2DP-E Впитывающие салфетки в рулонах для химических реагентов, 38 см x 46 м, средней емкости, с
172947;UN15-DPS-E Впитывающие салфетки в рулонах для химических реагентов, 38 см x 22 м Средней емкости, с 
172949;UN810 Впитывающий бон удержания протечек химикатов, диам. 20 см x 3 м. упак. 4 шт на 263 л
172951;HAZ412 Впитывающий бон для предотвращения проливов химикатов, диам. 7.6 см x 122 см, упак. 12 шт на 
172952;HAZ806 Впитывающий бон для предотвращения протечек химикатов, диам. 7.6 см x 244 см, упак. 6 шт. на 
172953;HAZ124 Впитывающий бон для предотвращения протечек хим веществ, диам. 7.6 см x 366 см, упак. 4 шт. н
172954;HAZ1818 Впитывающая подушка для адсорбции проливов химикатов, 43 см x 48 см, уп. 16 шт. на 105 л.
172955;HAZ1818-2 Впитывающая подушка для адсорбции проливов химикатов, 43 см x 48 см, уп. 8 шт. на 53 л.
172957;SKO-PP-RU Экономичный комплект для сбора проливов(масла) 10 салфеток, 40 см x 50 см, 2 бона SOC
172960;SKO-ATK-RU Аварийный комплект для сбора масла на 104л. 15 салфеток 40x50см, 3 бона SOC, диам.7.6 см 
172961;SKA-ATK Аварийный комплект для сбора проливов во время ремонта на 67л. 15 салфеток 41x51см, 3 бона S
172963;SKO-ADR-S-RU Малый комплект для сбора масла:25 салфеток 40 см x 50 см, 4 бона SOC, диам. 7.6 см x 12
172965;SKH-ADR-S Малый комплект для сбора химикатов: 25 салфеток 41 см x 51 см, 4 бона SOC, диам. 7.6 см x 
172967;SKA-ADR-L Большой комплект для сбора проливов во время ремонта:35 салфеток, 41 см x 51 см, 1 бон SOC
172969;SKH-MINI Одноразовый набор для разлива 4комплекта/коробка. Комплект: 2 салфетки 40х50см, 1 пара перч
172970;SKO-20-RU Комплекты для сбора проливов масла в резервуаре-бочке:12 салфеток, 40 см x 50 см,3 бона SO
172971;SKA-20 Комплекты для сбора проливов во время ремонта в резервуаре-бочке:12 салфеток, 41 см x 51 см,3
172973;SKO-55-RU Резервуар-бочка на 200 л для сбора масла:50 салфеток, 40 см x 50 см, 8 подушек, 43 см x 48
172974;SKA-55 Резервуар-бочка на 200 л для сбора проливов во время ремонтов:50 салфеток, 41 см x 51 см, 8 п
172976;SKO-95-RU Прочная бочка на 268 л для сбора масла: 100 салф, 40 см x 50 см, 8 подушек, 43 см x 48 см,
172977;SKA-95 Прочная бочка на 264 л для ремонта: 100 салф, 41 см x 51 см, 8 подушек, 43 см x 48 см, 12 бон
172979;SKO-CART-RU Комплект-шкафчик на колесах для сбора проливов масла на 69л: 1 рул.с двойной перфорацией
172980;SKA-CART Комплект-шкафчик на колесах для сбора проливов во время ремонтов на 69л:1 рул.с двойной пер
172982;SKO-120-RU Мобильный комплект в контейнере для сбора проливов масла на 124л: 50 салфеток, 40 см x 50
172984;SKH-120 Мобильный комплект в контейнере для сбора проливов химических реагентов на 128л: 50 салфеток
172986;SKA-240 Мобильный комплект в контейнере для сбора проливов во время ремонтов на 250 л: 150 салфеток,
172988;SKO-XLT-RU Комплект на тележке для сбора проливов масла на 619л:150 салфеток,40x50см,36 бонов SOC, д
172989;SKA-XLT Комплект на тележке для сбора проливов во время ремонта на 620л:150 салфеток,41x51см,36 боно
172996;SC-3000 Сорбент-Центр (только шкаф – без наполнения)
173001;SL-7 BARR-C-RU Комплект для сбора масла,на 1100 л:750 салфеток,40x50 см,12 бонов,диам.7,6x122см,8 по
173002;SL-12 BARR-C-RU Комплект для сбора масла, на 1900л:950 салфеток,40x50см,48 бонов,диам.7,6x122см,8 по
173003;SC-LBIN Контейнер для сбора проливов большого размера, вес 27 кг:126 x 85 x 91 см (вместимость 975л)
173005;SA-SBO Салфетки в диспенсере для сбора масла до 10л, включает 15 салфеток, 40 см x 50 см
173006;SA-SBA Салфетки в диспенсере для сбора проливов во время ремонта до 10л, включает 15 салфеток, 41 см
173013;NPR36 Барьер от разливов 92х 92 см
173014;SB-3 Барьер для удержания пролива, 3 м (L) x 10.5 см (W) x 5.5 см (H)
173018;BAG-PVC42 Сумка для переноски герметичных уплотнителей PVC42, диам. 25 см x 130 см, уп.1 шт.
173029;RF100 Впитывающие салфетки, Re-Form, 38см x 48см, 100шт. в упаковке, адсорбция 151л.
173031;RF500 Универсальные салфетки Re-form, 38 см x 48 см,  меншей  емкости, нетканые до 90 литра
173034;RFP500 Универсальные салфетки Re-form, 38 см x 48 см,  меншей  емкости, с перфорационной линией, нет
173035;RFDP300 Универсальные салфетки Re-form XPlus, 38 см x 48 см,  средней емкости,  нетканые до 121 литр
173040;RFDP314P Универсальные салфетки Re-form XPlus, 36 см x 46м (перфорация через каждые 48 см),  средней
173042;MS412 Боны Re-form Multiwik, диаметр 7,6cm , длина 1,2m/12 шт. в боксе
173044;MS806 Боны Re-form Multiwik, диаметр 7,6cm , длина 2,4m/6 шт. в боксе
173053;RFODP100 Масловпитывающие салфетки  Re-Form, 38cmx48cm, перфорированные в 1 ряд с 2-мя доп.покрытиям
173055;RFOP28DP Масловпитывающие салфетки  Re-Form, 72cmx46cm, перфорированные с 1-им доп.покрытием
173057;SC-SD2 Поддон для удержания протечек, на 2 бочки:132 (L) x 66 (W) x 15 (H) см (80л)
173059;SC-DP2 Паллета для проливов на 2 бочки, 132 (L) x 66 (W) x 43 (H) см (260л)
173060;SC-DP4 Паллета для проливов на 4 бочки, 132 (L) x 132 (W) x 43 (H) см (510)
173062;SB-SQ3 Защитная система QuickBerм OS на 2,745 литров, 3 м x 3 м x 30.5 см
173064;SB-SQ11 Защитная система QuickBerм OS на 11,968 литров, винил XR-5, 3.6 м x 10.9 м x 30.5 см
173066;SB-SQ16 Защитная система QuickBerм OS на 21,008 литров, винил XR-5, 4.2 м x 16.4 м x 30.5 см
173068;SB-SL44 Защитная облегченная система QuickBerм OS на 288 литров, 1.2 м x 1.2 м x 20 см
173071;SB-MAB-KIT Комплект для создания барьера, включает:  2 x 7,6 м прямых секции, 4 угловых сегмента, 1 
173072;SB-MAB-WALL Барьер, одна секция на 4,5 м
173077;DJR126 Мобильный стальной держатель для рулона SPC до 500 мм шириной. Напольный.
173078;DJR127 Мобильный стальной держатель для рулона SPC до 500 мм шириной. Настенный.
173080;DJR129 Мобильный стальной сорбент центр с полками для хранения коробок с сорбентами, держателем руло
173082;Салфетки в рулоне универсальные. 19см х 1.5м. Перфорация через каждые 25см.
181908;BMP41-KIT-EU Принтер BMP41. В комплекте: жесткий кейс, аккумуляторная батарея BMP41-BATT, MC1-1000-5
181912;BMP21-Plus (RUS) Портативный ленточный принтер-маркиратор с кириллицей. Упаковка блистер.
181914;Принтер Brady i7100-300-EU с разрешением 300dpi
181918;Промышленный принтер BBP12. Разрешение 300 dpi. В комплекте держатель рулона.
181920;Принтер BMP71, русско-англ. клавиатура. В компл: ПО WorkStation для маркировки кабеля и провода (PWI
181923;BBP72-34L принтер для двусторонней печати, 300dpi
181928;Принтер BMP51, английская клавиатура. В компл.: жесткий кейс, Li-ion аккумулятор 12В, сетевой адапте
232368;Wraptor A6500 принтер
232799;SPC станция для сбора универсальных продуктов. Надписи на английском. Комплект: рулон салфеток – 19с
232800;CH200 Салфетка ярко желтого цвета с STF пиктограммой для сбора химических проливов. 38х48см. Перфора
232801;HSW-4-BB Низкопрофильный пластиковый поддон Workfloor с решеткой. Химически устойчивый, черный. Для 
232802;SPC200-E Масловпитывающие салфетки, 41 см x 51 см.Небольшой емкости, с перфорационной линией, неткан
232803;SXT330-DP-E Рулон, 76 см x 46 м. Средней емкости, с двойной перфорационной линией, нетканые.упак. 1 
232804;ENV152-E Масловпитывающий материал в рулоне, 48 см x 44 м, большой емкости, 2 рул/упак., на 274 л
232805;TM19 Масловпитывающий мат, 48 см x 24.4 м. Большой емкости, нетканый, с барьерным нижним покрытием. 
232806;SR3600 Масловпитывающие салфетки в рулонах, 76 см x 46 м. Большой емкости. Упак.1 рулон на 167 л.
232807;AW806 Впитывающий бон для MRO, диам. 7.6 см x 244 см, уп.6 шт., на 45 л.
232818;Принтер i5100-300-UKEU, разрешение 300dpi
232826;Принтер M611-EU-BT-W с WIFI. В компл.: USB кабель, шнур питания, ремень, PTL-97-488, M61-R4310
232833;Принтер BMP61-CYR-W-PWID, русско-англ. клавиатура. В компл.: жесткий кейс, USB кабель, батарея, шнур
233228;M71-2000-483-YL-KT Комплект для создания напольной маркировки. Размер 50х15.24м, желтый
233229;M71-2000-483-BK-KT Комплект для создания напольной маркировки. Размер 50х15.24м, черный
233230;M71-2000-483-RD-KT Комплект для создания напольной маркировки. Размер 50х15.24м, красный
233231;M71-2000-483-WT-KT Комплект для создания напольной маркировки. Размер 50х15.24м, белый
233232;M71-2000-483-OR-KT Комплект для создания напольной маркировки. Размер 50х15.24м, оранжевый
234100;M71-R4400-WT риббон белый (аналог на TLS/HM R-4410W), Resin, размер 50.8ммх46м
234101;M71-R4300 риббон черный (аналог на TLS/HM R-4310 ), Wax/Resin, размер 50.80ммх46м
234102;M71-R6600 риббон черный, Resin, размер 50.8ммх46м
234104;M71-R6400 риббон черный, Resin, размер 50.8ммх46м
234638;LAT-5-759-10 этикетки
234639;Риббон R-7950G, Wax/Resin, зеленый, размер 110мм х 70м /O, 1 шт. в упак. (BBP11/12)
234642;Риббон R-7942, Wax, черный, размер 85мм х 70м /O, 1 шт. в упак. (BBP11/12)
234643;"Риббон R-4500B, Wax/Resin, синий, размер 60мм х 300м /O, 1 шт. в упак. (BP-PR; i7100)"
234644;"Риббон R-4400G, Resin, зеленый, размер 60мм х 300м /O, 1 шт. в упак. (BP-PR; i7100)"
234646;"Риббон R4400-WT, Resin, белый, размер 60мм x 300м /O, 1 шт. в упак. (BP-PR; i7100)"
234648;LAT-40-799-1 этикетки
234649;Риббон R-7961, Resin, черный, размер 110мм x74м /O, 1 шт. в упак. ( BBP11/12)
234650;Риббон R-4300, Wax/Resin, черный, размер 45мм x 110м /I, 1 шт. в упак. (1024Х,1244,1344)
234652;Риббон R-7950, Wax/Resin, черный, размер 35мм х 70м /O, 1 шт. в упак. (BBP11/12)
234655;"Риббон R-4400R, Resin, красный, размер 60мм х 300м /O, 1 шт. в упак. (BP-PR; i7100)"
234887;Риббон R4400-WT, Resin, белый, размер 102ммx70м /O, 1 шт. в упак. (для BBP11/12)
234888;"Риббон R-7962, Resin, черный, размер 90мм х 300м /O, 1 шт. в упак.(BP-PR; i7100)"
234889;ELAT-40-747YL-10 этикетки
234890;Риббон без галогенов R6000HF, Resin, черный, размер 65ммx70м /O, 1 шт. в упак. (для BBP11/12)
234893;Риббон IP R4400-WT 60мм x 300м /O 1 рул/упак (для принтера BP-THT-IP), белый
234894;"Риббон R-7961, Resin, черный, размер 60мм х 300м /O, 1 шт. в упак.(BP-PR; i7100)"
234897;"Риббон IP-R6600, Resin, черный, размер 60ммx300м, 1 шт. в упак. (IP300; IP600; i5100)"
236317;PWM-PK-4 кабельные маркеры
236318;PWM-PK-12 кабельные маркеры
236319;PWM-PK-8 кабельные маркеры
236320;PWM-PK-13 кабельные маркеры
236322;PWM-PK-6 кабельные маркеры
236323;PWS-PK-3 кабельные маркеры
236324;PWS-PK-2 кабельные маркеры
236352;WM-1-33-GR кабельные маркеры
236353;WM-A-Z-RD кабельные маркеры
236354;WM-GRD кабельные маркеры
236355;WM-MIN кабельные маркеры
236356;WM-24V кабельные маркеры
236357;WM-1-33-RD кабельные маркеры
236358;WM-A-Z-YL кабельные маркеры
236359;WM-0-9 кабельные маркеры
237013;WM-COL-WT кабельные маркеры
237018;WM-L1 кабельные маркеры
237025;WM-T1 кабельные маркеры
237027;WM-1-16-DC кабельные маркеры
237028;WM-0-GR кабельные маркеры
237029;WM-1-48-TM кабельные маркеры
237259;WM-A кабельные маркеры
237260;WM-0-RD кабельные маркеры
237322;SCNGC-07-0-9 клипсы
237323;SCNGC-13-A-M клипсы
237327;SCNGC-03-0-9 клипсы
237328;SCNGC-05-0-9 клипсы
237356;SCNGC-18-0-9 клипсы
237359;SCNGC-13-0-9 клипсы
237360;SCNGC-07-A-M клипсы
237790;TIL-9-2C-8C обратимая этикетка, 2-уровневая индикация температуры 2-8°C (синий/красный треугольник),
237791;TIL-10-50C-70C обратимая этикетка, 3-уровневая индикация температуры 50-70°C (зеленый/желтый/красный
237800;TIL-1-60C/140F-DIA Этикетка - индикатор температур (1упак/60 шт.), диаметр 13мм
237801;TIL-4-82C/180F Этикетка - индикатор температур (1упак/30 шт.)
237802;TIL-6-149C/300F Этикетка - индикатор температур (1упак/30 шт.)
237935;Принтер полноцветный струйный J5000-EU
237936;Принтер BBP85, русско-английская клавиатура. В компл.: шнур питания, USB кабель, комплект для чистки
237937;Принтер BBP33-EU, без клавиатуры. В компл.: шнур питания, USB кабель, краткое руководство пользовате
237939;Принтер струйный J2000-EU (шнур питания и адаптер переменного тока, кабель USB, краткое руководство 
237940;Принтер S3000-EU без клавиатуры. В комплекте: СD с информацией о принтере, шнур питания, USB кабель
237941;BBP37 Multicolour and Cut Sign and Label Printer – CYRILLIC. Цветной промышленный принтер для печати
237942;Принтер S3100-CYR-W, клавиатура: русский/английский. В комплекте: шнур питания, USB кабель, комплект
237943;BBP35 Multicolour Sign and Label Printer – CYRILLIC. Цветной промышленный принтер для печати знаков 
238520;Аппликатор ручной для термоусадочной трубки
238525;Внешний держатель рулона для принтера
238527;Принтер-аппликатор A5500 для флажковой маркировки. В компл.: ПО Brady Workstation
238585;"Комплект приложений для Brady Workstation &quot;Обновление для LabelMark 3, 4, 5&quot; на CD"
238586;"Комплект приложений для Brady Workstation &quot;Автоматизация данных (Data Automation)&quot; на CD"
238606;Тест-товар
244545;"Лента напольная на подложке,  материал В-514 полиэстер, ширина 50.8 мм, длина 30 м, красно-белая &quot;ша"
244546;Фотолюминесцентная лента со знаком PIC Е002, класс свечения В, материал B-7568, ширина 40мм, длина 1
244547;"Комплект приложений для Brady Workstation &quot;Сканирование и печать&quot; online ключ"
244548;Лента напольная на подложке,  материал В-514 полиэстер, ширина 50.8 мм, длина 30 м, черно-оранжевая,
244549;Лента напольная на подложке,  материал В-514 полиэстер, ширина 50.8 мм, длина 30 м, серая, ToughStri
244550;Лента напольная на подложке,  материал В-514 полиэстер, ширина 50.8 мм, длина 30 м, красно-желтая, T
244551;Лента напольная на подложке,  материал В-514 полиэстер, ширина 50.8, длина 30 м, бело-зеленая, Tough
244552;"Лента напольная на подложке,  материал В-514 полиэстер, ширина 50.8 мм, длина 30 м, черно-белая &quot;шах"
244553;Лента напольная на подложке,  материал В-514 полиэстер, ширина 50.8 мм, длина 30 м, фиолетовая, Toug
244554;"Знаки в рулоне &quot;НЕ СИДИТЕ/СИДИТЕ ЗДЕСЬ&quot;, 2хP018 и 1хPIC925, материал В-7539, белый глянцевый полиэст"
244555;Лента напольная на подложке,  материал В-514 полиэстер, ширина 50.8 мм, длина 30 м, коричневая, Toug
244556;Лента напольная на подложке,  материал В-514 полиэстер, ширина 50.8 мм, длина 30 м, сине-желтая, Tou
244557;"Комплект приложений для Brady Workstation &quot;Лабораторная идентификация&quot; online ключ"
244558;Аппликатор для лент с подложкой типа ToughStripe
245016;TSM-50.80-543-BK/YL напольная лента на подложке ToughStripe Max  черно-желтая, ширина 50.8 мм, длина
245017;"PIC W023- Tri 050 PIC-303 Предупреждающий знак безопасности &quot;Едкие вещества&quot;"
245018;TSM-50.80-543-YL напольная лента на подложке ToughStripe Max желтая, ширина 50.8 мм, длина 30.48 м, 
245019;TSM-50.80-543-OR напольная лента на подложке ToughStripe Max оранжевый, ширина 50.8 мм, длина 30.48 
245020;"Фотолюминесцентная лента со знаком PIC Е002 и надписью &quot;Fire Exit&quot;, класс свечения В, материал B-756"
245021;"Фотолюминесцентная лента со знаком PIC Е001 и надписью &quot;Fire Exit&quot;, класс свечения В, материал B-756"
245022;TSM-50.80-543-RD напольная лента на подложке ToughStripe Max красная, ширина 50.8 мм, длина 30.48 м,
245023;TSM-50.80-543-WT напольная лента на подложке ToughStripe Max белая, ширина 50.8 мм, длина 30.48 м, м
245024;"PIC W004 Предупреждающий знак безопасности &quot;Лазерное излучение&quot;, 25 мм, 250 шт/рул, B-7541"
245025;TSM-50.80-543-GN напольная лента на подложке ToughStripe Max зеленый, ширина 50.8 мм, длина 30.48 м,
