IE_XML_ID;IE_NAME;IE_ID;IE_ACTIVE;IE_ACTIVE_FROM;IE_ACTIVE_TO;IE_PREVIEW_PICTURE;IE_PREVIEW_TEXT;IE_PREVIEW_TEXT_TYPE;IE_DETAIL_PICTURE;IE_DETAIL_TEXT;IE_DETAIL_TEXT_TYPE;IE_CODE;IE_SORT;IE_TAGS;IC_GROUP0;IC_GROUP1;IC_GROUP2
182047;Готовая маркировка для производства электроники [Электроника];182047;Y;13.02.2019 14:17:00;;/upload/iblock/77f/77f09aeb121976205eb065adaa93c21a.jpg;<p>Паяльные маски, дефектовка, особые условия, точки настройки</p>;html;;"<p>
 <img src=""/images/pictures/Solutions/%20%20_.jpg"">
</p>
<p>
	 Специальные этикетки для маркировки электроники подходят для выполнения следующих технологических задач:
</p>
<p>
	 ●&nbsp;Маскировка отверстий и контактных площадок при пайке волной
</p>
<p>
	 ●&nbsp;Стрелки для указания точек настройки
</p>
<p>
	 ●&nbsp;Дефектовка – самоклеящиеся цветные метки
</p>
<p>
	 ●&nbsp;Идентификация особых условий с помощью мини-пиктограмм из виниловой пленки
</p>
<p>
	 &nbsp;
</p>
<p>
	 Дополнительные решения:
</p>
<p>
	 ●&nbsp;Формирование шильдика с заводским номером и/или штрих-кодом
</p>
<p>
	 ●&nbsp;Контроль вскрытия – эффект «шахматки», «VOID», разрушающийся или заказной с логотипом.
</p>
<p>
	 ●&nbsp;Контроль попадания влаги с помощью индикатора изменения цвета
</p>
<p>
	 &nbsp;
</p>
<p>
 <strong>Данные для заказа контрольных указателей (плат) </strong>
</p>
<table class=""table table-bordered"">
<thead>
<tr>
	<th>
		 Артикул
	</th>
	<th>
		 Описание
	</th>
	<th>
		 Кол-во маркеров на карте
	</th>
	<th>
		 Цвет
	</th>
	<th>
		 Размер, мм
	</th>
</tr>
</thead>
<tbody>
<tr>
	<td>
		 brd48903
	</td>
	<td>
		 BIA-RD
	</td>
	<td>
		 576
	</td>
	<td>
		 Красный
	</td>
	<td>
		 3.18 x 4.83
	</td>
</tr>
<tr>
	<td>
		 brd48905
	</td>
	<td>
		 BIA-YL
	</td>
	<td>
		 576
	</td>
	<td>
		 Желтый
	</td>
	<td>
		 3.18 x 4.83
	</td>
</tr>
<tr>
	<td>
		 brd248906
	</td>
	<td>
		 BIA-GR
	</td>
	<td>
		 576
	</td>
	<td>
		 Зеленый
	</td>
	<td>
		 3.18 x 4.83
	</td>
</tr>
</tbody>
</table>
<p>
 <span><strong>Данные для заказа - Винил (B-725) </strong><strong>BRADY </strong><strong>CLT</strong></span>
</p>
<table class=""table table-bordered"">
<thead>
<tr>
	<th>
		 Артикул
	</th>
	<th>
		 Описание
	</th>
	<th>
		 Кол-во на листе
	</th>
	<th>
		 Цвет
	</th>
	<th>
		 Диаметр, мм
	</th>
</tr>
</thead>
<tbody>
<tr>
	<td>
		 brd49312
	</td>
	<td>
		 QD-25-BK
	</td>
	<td>
		 144
	</td>
	<td>
		 Черный
	</td>
	<td>
		 6,36
	</td>
</tr>
<tr>
	<td>
		 brd49311
	</td>
	<td>
		 QD-25-BL
	</td>
	<td>
		 144
	</td>
	<td>
		 Синий
	</td>
	<td>
		 6,36
	</td>
</tr>
<tr>
	<td>
		 brd49313
	</td>
	<td>
		 QD-25-BR
	</td>
	<td>
		 144
	</td>
	<td>
		 Коричневый
	</td>
	<td>
		 6,36
	</td>
</tr>
<tr>
	<td>
		 brd49314
	</td>
	<td>
		 QD-25-DG
	</td>
	<td>
		 144
	</td>
	<td>
		 Темно-зеленый
	</td>
	<td>
		 6,36
	</td>
</tr>
<tr>
	<td>
		 brd49316
	</td>
	<td>
		 QD-25-LG
	</td>
	<td>
		 144
	</td>
	<td>
		 Светло-зеленый
	</td>
	<td>
		 6,36
	</td>
</tr>
<tr>
	<td>
		 brd49317
	</td>
	<td>
		 QD-25-OR
	</td>
	<td>
		 144
	</td>
	<td>
		 Оранжевый
	</td>
	<td>
		 6,36
	</td>
</tr>
<tr>
	<td>
		 brd49319
	</td>
	<td>
		 QD-25-RD
	</td>
	<td>
		 144
	</td>
	<td>
		 Красный
	</td>
	<td>
		 6,36
	</td>
</tr>
<tr>
	<td>
		 brd49320
	</td>
	<td>
		 QD-25-WT
	</td>
	<td>
		 144
	</td>
	<td>
		 Белый
	</td>
	<td>
		 6,36
	</td>
</tr>
<tr>
	<td>
		 brd49321
	</td>
	<td>
		 QD-25-YL
	</td>
	<td>
		 144
	</td>
	<td>
		 Желтый
	</td>
	<td>
		 6,36
	</td>
</tr>
</tbody>
</table>";html;;500;электроника;;;
182048;Лабораторная маркировка [Лаборатория];182048;Y;10.05.2016;;/upload/iblock/602/6027b15716d7c03c1d125506040c1bc5.png;<p>Лабораторная практика различных направлений</p>;html;;"<p><img src=""/images/products/printers/Primenenie/reshenie/Lab.png"" alt="""" width=""400"" height=""300"" /></p>
<p>Продукция компании Brady для лабораторной идентификации разработана для применения в биотехнологической, сельскохозяйственной, экологической отраслях и судебно-медицинской исследовательской деятельности. Решения компании Brady подходят для применения в лабораторной практике различных направлений: в области патологии, гистологии, хроматографии или в других областях науки, Специально для решения задач по прослеживанию контейнеров для проб была разработана линейка новых продуктов, соответствующих списку следующих требований:</p>
<table border=""0"" cellspacing=""10"">
<tbody>
<tr>
<td>● Этикетки должны соответствовать размерам используемых пробирок, предметных стекол и луночных планшетов.</td>
</tr>
<tr>
<td>● Этикетки должны быть читаемыми и понятными для всех и при любом освещении.</td>
</tr>
<tr>
<td>● Этикетки должны иметь длительный срок службы при использовании в неблагоприятных условиях, включая хранение в заморозке, воздействие жидкого азота, помещение в автоклав и в горячую водяную баню, а также быть устойчивыми к воздействию растворителей, таких как ксилол, диметилсульфоксид и этанол.</td>
</tr>
<tr>
<td>Требуется использование простой системы нанесения и считывания штрих-кода, позволяющей исследователям включать в этикетку большее количество информации и значительно снижающей возможность ошибки вследствие человеческого фактора.</td>
</tr>
</tbody>
</table>";html;;500;;;;
182049;Маркировка LOTO точек [Безопасность LOTO];182049;Y;12.05.2016;;/upload/iblock/1f0/1f03fdda66690177df7be2bb86412d8c.png;<p>Система блокировки опасных энергий</p>;html;;"<p><img src=""/images/products/printers/Primenenie/reshenie/loto.png"" alt="""" width=""400"" height=""300"" /></p>
<p>Раздел находится в стадии наполнения и скоро здесь появится много важной и полезной информации по интересующему Вас направлению.</p>
<p><a href=""/loto"" target=""_blank"">Услуги ЮМП по внедрению системы LOTO</a> (авторская разработка)</p>";html;;500;;;;
182050;Маркировка в автопромышленности [Автопром];182050;Y;01.03.2019;;/upload/iblock/e50/e50d60d740dc47c591c79e32c38a1f7a.png;"<p>
	Маркировка шатунов, VIN-номера и прочее
</p>";html;;"<p><img src=""/images/1343.jpg"" alt=""механическая маркировка"" /></p>
<p><strong>СОДЕРЖАНИЕ:</strong></p>
<p>Прослеживаемость производства шасси<br /><a href=""#shatun"">Маркировка шатунов</a><br /><a href=""#kronshtein"">Маркировка оси кронштейна</a><br /><a href=""#VIN"">Нанесение идентификационного номера транспортного средства (VIN номер)</a><br /><a href=""#engine"">Маркировка двигателей на примере ОАО «Автодизель» (Ярославский Моторный Завод)</a></p>
<h2>Прослеживаемость производства шасси</h2>
<p>Маркировка стальной рамы толщиной 2,5 мм. (нанесение VIN номера). Маркировочная система интегрирована в производственную линию и объединена в единую систему с PLC (программируемый логический контроллер). Детали подаются в маркировочный комплекс роботом. Автоматически закрывается кабина, закрепляется деталь и при получении подтверждения «Деталь установлена», PLC даёт команду контроллеру SIC Marking на запуск процесса маркировки. По окончании маркировочного цикла кабина открывается и робот вынимает промаркированную деталь.</p>
<p><strong>Оборудование:</strong></p>
<ul>
<li>Интегрируемый аппарат i80 + контроллер E4 (современный аналог: <a href=""/products/1168-e10-i83"" target=""_blank"">e10-i83</a>)</li>
<li>Шумоподавляющая кабина</li>
<li>2 встроенных воздушных цилиндра с блокировочной системой для повышения безопасности во время процесса маркировки</li>
<li>Пневматическая кабина (4 распределителя – регуляторы, смазка и фильтры)</li>
</ul>
<p><strong>Характеристики маркировки:</strong></p>
<ul>
<li>22 символа на строку 6 х 3 мм - шрифт OCR, матрица 5х7</li>
<li>Дата / Время / Строка / Тип детали</li>
<li>Образец : 06/01/00/10/52/34/1/TU</li>
</ul>
<p><strong>Производительность:</strong></p>
<ul>
<li>800 маркировок / день</li>
<li>Время на маркировку: 5 сек.</li>
<li>Уровень шума: 80 dB при закрытой кабине / 110 dB при открытой</li>
</ul>
<p><img src=""/images/1208.jpg"" alt=""sic marking"" /></p>
<h2><a name=""shatun""></a>Маркировка шатунов</h2>
<p>Оператор устанавливает на цилиндрическую ось 3, 4 или 6 шатунов. Маркировка запускается нажатием кнопки «Старт». Шатун автоматически закрепляется благодаря воздушным цилиндрам, 7 сенсоров распознают тип детали, толщину и количество деталей. Маркировочная голова опускается в рабочую позицию и наносит серийный номер на деталь, номера наносятся с использованием функции Сериализация, т.е. каждый последующий номер задаётся с приращением.</p>
<p><strong>Оборудование:</strong></p>
<ul>
<li>цилиндрическая ось для размещения шатунов</li>
<li>два линейных устройства с воздушным цилиндром для закрепления</li>
<li>один воздушный цилиндр ответственный за вращение шатуна в обе позиции для маркировки</li>
<li>одна пневматическая ось Z для перемещения маркирующей головки</li>
<li>голова ударно-точечной маркировки – размер маркировочного окна 240 х 80 мм</li>
<li>пневматическое устройство</li>
<li>кабина со встроенным PLC одновременно служащая панелью управления</li>
<li>маркировочный контроллер C98 (современный аналог- <a href=""/products/41-e10-i141"" target=""_blank"">контроллер e10</a>)</li>
<li>устройство безопасности: экран с трех сторон и сверху</li>
<li>освещение в передней части</li>
</ul>
<p><img src=""/images/1344.jpg"" alt=""маркировка деталей"" /></p>
<h2><a name=""kronshtein""></a>Маркировка оси кронштейна</h2>
<p>Комплекс располагается в шумопоглощающей кабине. Оператор вручную помещает деталь в зону маркировки, закрывает дверцу кабины и нажимает кнопку «СТАРТ». Цикл маркировки начинается автоматически: деталь определяется, закрепляется и маркируется (невозможно открыть дверцу во время процесса – она блокируется электромагнитом). Цветовой индикатор показывает стадию процесса. После сигнала оператор может вынуть деталь с набитым серийным номером. В данном комплексе используется стандартная функция контроллера SIC Marking – автоматическое приращение серийного номера.</p>
<p><strong>Оборудование:</strong></p>
<ul>
<li>шумопоглощающая кабина</li>
<li>система позиционирования и закрепления детали</li>
<li>кабина со встроенным PLC (программируемый логический контроллер)</li>
<li>кнопки и световые индикаторы</li>
<li>ударно-точечный интегрируемый аппарат i50 установлена на стандартную стойку (современный аналог: <a href=""/products/1833-e10-i53"" target=""_blank"">i53</a>)</li>
<li>контроллер C98 с клавиатурой (современный аналог: <a href=""/products/1833-e10-i53"" target=""_blank"">контроллер e10</a>)</li>
<li>система датчиков и сенсоров</li>
</ul>
<p><img src=""/images/1091.jpg"" alt=""ударная маркировка"" /></p>
<h2><a name=""VIN""></a>Нанесение идентификационного номера транспортного средства (VIN номер)</h2>
<p>В настоящее время широко распространено нанесение VIN номера устаревшими способами – с помощью заранее изготовленных штампов или керном вручную. Эти методы не удовлетворяют современным требованиям маркировки транспортных средств в силу низкого качества надписи, высокой вероятности ошибки, отсутствия защиты от несанкционированного нанесения дубликата VIN номера.</p>
<p>Широкое распространение в России получили автоматизированные комплексы по маркировке производства SIC Marking. Оборудование наносит идентификационный номер ТС (VIN) в полном соответствии с ГОСТ 51980–2002 и европейским ISO 3779-1983. В России оборудование SIC Marking уже работает на большинстве предприятий, производящих автомобили и автобусы. Наши ключевые клиенты в автопроме: GM-АвтоВАЗ, Renault (Автофрамос), Hyundai (ТагАЗ), Isuzu (Северсталь авто), Mercedes-Benz (ЕвоБус Русслэнд), Nissan Manufacturing Rus, группа ГАЗ.</p>
<p>Маркировка VIN номера может осуществляться 2 способами:</p>
<ol>
<li><a href=""/products/markirovka/udarno-tochechnaya-markirovka"" target=""_blank"">Ударно-точечная маркировка</a> производится путём нанесения на поверхность металла серии точек, множество которых формируют сплошную линию надписи. Процесс маркировки производится механическим способом при помощи колебаний твёрдосплавного наконечника под действием электромагнитного поля.</li>
<li><a href=""/products/markirovka/markirovka-procherchivaniem"" target=""_blank"">Маркировка прочерчиванием</a> производится путём вычерчивания сплошной линии твердосплавным наконечником. Это способ позволяет достичь максимального качества маркировки при минимальном уровне шума.</li>
</ol>
<p><strong>Ударно-точечная маркировка</strong></p>
<table border=""0"" cellspacing=""10"" align=""center"">
<tbody>
<tr>
<td><a class=""imgbox"" href=""/images/products/sic2015/auto-vin_2.jpg""><img src=""/images/products/sic2015/auto-vin_2.jpg"" title=""УВЕЛИЧИТЬ"" width=""355"" /></a></td>
<td><a class=""imgbox"" href=""/images/products/sic2015/auto-vin_1.jpg""><img src=""/images/products/sic2015/auto-vin_1.jpg"" title=""УВЕЛИЧИТЬ"" width=""200"" /></a></td>
<td><a class=""imgbox"" href=""/images/products/sic2015/auto-vin_3.jpg""><img src=""/images/products/sic2015/auto-vin_3.jpg"" title=""УВЕЛИЧИТЬ"" width=""355"" /></a></td>
</tr>
</tbody>
</table>
<p>Как правило большинство предприятий выбирает более экономичный вариант нанесения VIN номера при помощи ударно-точечной маркировки. При этом нанесение VIN номера осуществляется портативными аппаратами как коммерческой серии <a href=""/products/1663-e1-p123"" target=""_blank"">e1-p123</a>, так и промышленной <a href=""/products/1167-e10-p123"" target=""_blank"">e10-p123</a>.</p>
<p>Оператор сканирует карту комплектации с нанесенным номером в штрих коде. Код передается в контроллер, после чего запускается цикл маркировки. Перед нанесением маркировки контроллер проверяет номер на предмет отсутствия дубля в предыдущих номерах. История номеров сохраняется в контроллере и по мере заполнения памяти контроллера переносится в информационную базу предприятия.</p>
<p>Для улучшения качества маркировки возможно использование портативного аппарата с электромагнитным прижимом, который позволяет жёстко фиксировать маркировочный аппарат относительно кузова/рамы в процессе маркировки.</p>
<p><strong>Маркировка прочерчиванием</strong></p>
<table border=""0"" cellspacing=""10"" align=""center"">
<tbody>
<tr>
<td><a class=""imgbox"" href=""/images/products/sic2015/auto-vin_4.jpg""><img src=""/images/products/sic2015/auto-vin_4.jpg"" title=""УВЕЛИЧИТЬ"" width=""240"" /></a></td>
<td><a class=""imgbox"" href=""/images/products/sic2015/auto-vin_6.jpg""><img src=""/images/products/sic2015/auto-vin_6.jpg"" title=""УВЕЛИЧИТЬ"" width=""420"" /></a></td>
<td><a class=""imgbox"" href=""/images/products/sic2015/auto-vin_5.jpg""><img src=""/images/products/sic2015/auto-vin_5.jpg"" title=""УВЕЛИЧИТЬ"" width=""240"" /></a></td>
</tr>
</tbody>
</table>
<table border=""0"" cellspacing=""10"" align=""center"">
<tbody>
<tr>
<td><a class=""imgbox"" href=""/images/products/sic2015/auto-vin_7.jpg""><img src=""/images/products/sic2015/auto-vin_7.jpg"" title=""УВЕЛИЧИТЬ"" width=""300"" /></a></td>
<td><a class=""imgbox"" href=""/images/products/sic2015/auto-vin_8.jpg""><img src=""/images/products/sic2015/auto-vin_8.jpg"" title=""УВЕЛИЧИТЬ"" width=""300"" /></a></td>
<td><a class=""imgbox"" href=""/images/products/sic2015/auto-vin_10.jpg""><img src=""/images/products/sic2015/auto-vin_10.jpg"" title=""УВЕЛИЧИТЬ"" width=""300"" /></a></td>
</tr>
</tbody>
</table>
<p>В случаях когда главный критерий при подборе оборудования – максимальное качество наносимой информации, когда текст должен наносится только сплошной линией производители автомобильной техники выбирают оборудование которое наносит VIN номер методом прочерчивания. SIC Marking для решения этой технической задачи предлагает <a href=""/products/47-e8-i113s"" target=""_blank"">аппарат e8-i113s</a>.</p>
<p>Номер сканируется с карты комплектации или передается системой управления конвейером. Оператор подводит маркировочный комплекс к месту нанесения VIN номера, приводит в действие фиксирующие механизмы и подводит упор под место маркировки, после чего запускается цикл маркировки. Перед нанесением маркировки контроллер проверяет номер на предмет отсутствия дубля в предыдущих номерах. История номеров сохраняется в контроллере (около 100 последних номеров). Система имеет встроенную защиту от неправильной маркировки: нет фиксации, не правильное место маркировки и т.д.</p>
<p>Для каждого конкретного случая разрабатывается специальная оснастка которая позволяет жёстко позиционировать маркировочный аппарат относительно кузова/рамы автомобиля.</p>
<p>Варианты оснастки:</p>
<ul>
<li>инерционный подвес маркирующего комплекса</li>
<li>тележка с аппаратом на выдвигающейся опоре</li>
<li>пневматический/электрический зажим и фиксация на кузове</li>
<li>пневмоподдержка места маркировки с обратной стороны для избегания прогиба металла.</li>
<li>роботизированный комплекс</li>
<li>камера для проверки качества наносимой маркировки</li>
</ul>
<p><img src=""/images/1533.jpg"" alt=""маркировка vin"" /></p>
<h2><a name=""engine""></a>Маркировка двигателей на примере ОАО «Автодизель» (Ярославский Моторный Завод)</h2>
<p>В декабре 2009 года в компании Автодизель был реализован проект по маркировке 6-ти цилиндровых двигателей ЯМЗ-236 и 8-ми цилиндровых ЯМЗ-238.</p>
<table border=""0"" cellspacing=""10"" align=""center"">
<tbody>
<tr>
<td><a class=""imgbox"" href=""/images/products/sic2015/auto-dvig_1.jpg""><img src=""/images/products/sic2015/auto-dvig_1.jpg"" title=""УВЕЛИЧИТЬ"" width=""300"" /></a></td>
<td><a class=""imgbox"" href=""/images/products/sic2015/auto-dvig_2.jpg""><img src=""/images/products/sic2015/auto-dvig_2.jpg"" title=""УВЕЛИЧИТЬ"" width=""300"" /></a></td>
<td><a class=""imgbox"" href=""/images/products/sic2015/auto-dvig_4.jpg""><img src=""/images/products/sic2015/auto-dvig_4.jpg"" title=""УВЕЛИЧИТЬ"" width=""300"" /></a></td>
</tr>
</tbody>
</table>
<p>Для решения задачи по маркировке ДВС было предложено портативное ударно-точечное оборудование e8-p122 SIC Marking (современный аналог: <a href=""/products/1167-e10-p123"" target=""_blank"">e10-p123</a>) и специальная крепежная оснастка. Крепёжный элемент позволил надёжно забазировать аппарат на сложной наклонной поверхности блока цилиндров. Аппарат e8-p122 имеет отверстие для крепления подвесного крюка.</p>
<p>Применение системы маркировки SIC Marking в компании Автодизель позволило:</p>
<ol>
<li>Сократить время маркировки в 27 раз! Достигнутое время маркировки двигателя – 11 секунд</li>
<li>Получить стабильную и качественную маркировку каждого символа. Глубина маркировки - 0,5 мм</li>
<li>Исключить влияние человеческого фактора и снизить вероятность возникновения ошибок в тексте маркировки</li>
<li>Соответствовать требованиям последней редакции сертификата ISO 9000</li>
<li>Выполнить условия для поставки двигателей на экспорт с 2010 года</li>
</ol>";html;;500;;;;
182051;Маркировка для защиты бренда [Безопасность];182051;Y;10.05.2016;;/upload/iblock/dbc/dbc325b5cf6982fb91590cdba870e290.png;<p>Защита торговой марки от подделки</p>;html;;"<p><img src=""/images/products/printers/Primenenie/reshenie/brand.png"" alt="""" height=""400"" /></p>
<p>Раздел находится в стадии наполнения и скоро здесь появится много важной и полезной информации по интересующему Вас направлению.</p>";html;;500;;;;
182052;Маркировка для защиты от не гарантийного возврата [Электроника];182052;Y;06.07.2016;;/upload/iblock/f85/f85cebaec11d862f6ba87e0334a4a75b.png;<p>Этикетки разрушаются при попытке снятия</p>;html;;"<p><img src=""/images/products/printers/Primenenie/reshenie/control.png"" alt="""" width=""400"" height=""300"" /></p>
<p>Свое название материал получил благодаря особенным свойствам, не позволяющим снять этикетку неповрежденной или переклеить на другое изделие.</p>
<p>Характерные особенности материалов:</p>
<ol>
<li>Применение полимеров делает этикетки устойчивыми к воздействию растворителей, влажности, высоким температурам, низкой температуре (до -40<sup>о</sup>С).</li>
<li>Максимальная стойкость качества печати достигается благодаря применению термотрансферной печати.</li>
<li>Информация на этикетках может быть напечатана Вами самостоятельно.</li>
</ol>
<p> </p>
<p><strong>Основные виды целевого применения этикеток контроля вскрытия:</strong></p>
<ul>
<li>инвентаризация основных фондов</li>
<li>защита продукции от подделки</li>
<li>фиксирование факта вскрытия прибора или блока, при гарантийном обслуживании</li>
</ul>";html;;500;;;;
182053;Маркировка для производства электроники [Электроника];182053;Y;04.08.2016;;/upload/iblock/392/39230b64889e1e4cf6ba3ca939c1efaa.png;<p>Этикетки THTCLT с 2D кодом для прослеживаемости печатных плат</p>;html;;"<p><img src=""/images/solutions/2D%20.jpg"" /></p>
<p><span> </span></p>
<p><span>Материалы BRADY для маркировки элементов, используемых в призводстве печатных плат, могут выдерживать температуру до 260 ° C в течение 5 минут наряду с мощными воздействиями химических веществ.</span></p>
<p><span><strong> </strong></span></p>
<p><span><strong>Clean Liner Technology, CLT (Чистая линия/подложка)</strong> – технология производства специальных этикеток для систем автоматического нанесения на печатную плату. В процессе производства CLT-этикетки переносятся на новую подложку, что исключает присутствие остатков клея и материала по краям. Этикетки THT CLT могут быть использованы в таких автоматизированных системах, как SMT-автоматы поверхностного монтажа компонентов (с использованием питателя Brady ALF для подачи этикетки в автомат) и других аппликаторах, например, Brady BSP.</span></p>
<p><span>CLT-технология обладает рядом преимуществ, обеспечивающих качество и бесперебойность нанесения маркировки:</span></p>
<p><span>● Адгезив ТНТ-этикеток исключает просачивание и прилипание этикетки к подушке аппликатора</span></p>
<p><span>●Отсутствие «бумажной» пыли за счет перемещения этикетки на новую подложку, что предотвращает засорение головки аппликатора</span></p>
<p><span>● Исключен разрыв подложки при натяжении подмотчиком в системах автоматического нанесения</span></p>
<p><span><em>Этикетки </em><em>THTCLT выполнены на базе высокотемпературного материала </em><em>B-727.</em></span></p>
<p> </p>
<p><img src=""/images/solutions/-min.png"" /></p>
<p> <span><strong>Материал B-727</strong> обеспечивает прослеживаемость при пайке волной припоя, в инфракрасной камере или печи, а так же струйной или ультразвуковой мойке.</span></p>
<p><span> </span></p>
<p><span>● Выдерживает температуру до 350 °С при пайке в печи или волной</span></p>
<p><span>● Отмывку плат в промывочных жидкостях Vigon и Zestron и других растворах</span></p>
<p><span>● Может использоваться при монтаже как сверху, так и снизу</span></p>
<p><span> </span></p>
<p><span>Печать 2D кодов возможна на принтере BRADY IP или BP-PR. В зависимости от количества информации в коде рекомендуется использовать модели с разрешением 600 dpi при высокой плотности.</span></p>
<p><span> </span><span> </span></p>
<p><span> </span></p>
<p><span> </span></p>
<table class=""table table-bordered"">
<thead>
<tr><th>Артикул</th><th>Описание</th><th>Кол-во в рулоне</th><th>Высота (мм)</th><th>Ширина (мм)</th><th>Ширина подложки (мм)</th></tr>
</thead>
<tbody>
<tr>
<td>brd622117</td>
<td>THTCLT-01-727-5*</td>
<td>5000</td>
<td>5.00</td>
<td>5.00</td>
<td>25</td>
</tr>
<tr>
<td>brd622118</td>
<td>THTCLT-02-727-5</td>
<td>5000</td>
<td>6.35</td>
<td>6.35</td>
<td>25</td>
</tr>
<tr>
<td>brd622119</td>
<td>THTCLT-01-727-5</td>
<td>5000</td>
<td>7.00</td>
<td>7.00</td>
<td>25</td>
</tr>
<tr>
<td>brd622121</td>
<td>THTCLT-02-727-5</td>
<td>5000</td>
<td>9.53</td>
<td>9.53</td>
<td>25</td>
</tr>
<tr>
<td>brd622122</td>
<td>THTCLT-02-727-5*</td>
<td>5000</td>
<td>16.00</td>
<td>5.00</td>
<td>25</td>
</tr>
<tr>
<td>brd622123</td>
<td>THTCLT-02-727-5</td>
<td>5000</td>
<td>19.05</td>
<td>6.35</td>
<td>25</td>
</tr>
<tr>
<td>brd622124</td>
<td>THTCLT-02-727-5</td>
<td>5000</td>
<td>25.40</td>
<td>6.35</td>
<td>30</td>
</tr>
<tr>
<td>brd622125</td>
<td>THTCLT-02-727-5**</td>
<td>5000</td>
<td>38.10</td>
<td>6.35</td>
<td>44</td>
</tr>
</tbody>
</table>
<p><span>*<em>Подбор риббона зависит от выбранного принтера, пожалуйста обратитесь к вашему менеджеру ЮМП.</em></span></p>
<p><span><em> </em></span></p>
<p><span><strong>Данные для заказа риббонов для печати на этикетках </strong><strong>BRADY </strong><strong>CLT</strong></span></p>
<table class=""table table-bordered"">
<thead>
<tr><th>Артикул</th><th>Описание</th><th>Размер</th></tr>
</thead>
<tbody>
<tr>
<td>brd115830</td>
<td>R-6006HF 40мм х 300м / О</td>
<td>40мм х 300м</td>
</tr>
<tr>
<td>brd115828</td>
<td>R-6000HF 600мм х 300м / О</td>
<td>60мм х 300м</td>
</tr>
</tbody>
</table>";html;;500;;;;
182054;Маркировка для системы LEAN / 5S [Безопасность Система 5S];182054;Y;01.02.2016;;/upload/iblock/ddc/ddc752b94ecbbc9a11bd95256b8f15ab.png;<p>Бережливое производство, знаки безопасности</p>;html;;"<p><img src=""/images/products/printers/Primenenie/reshenie/lean.png"" alt="""" width=""400"" height=""300"" /></p>
<p>Раздел находится в стадии наполнения и скоро здесь появится много важной и полезной информации по интересующему Вас направлению.</p>";html;;500;;;;
182055;Маркировка для Телекома и СКС [ЦОД];182055;Y;15.06.2017;;/upload/iblock/a59/a5940f25d9a3f352129a194e8da7f030.png;<p>Решения BRADY для телекоммуникаций</p>;html;;"<p><img src=""/images/products/printers/Primenenie/reshenie/telecom.png"" alt=""телеком скс"" /></p>
<h2>Идентификация и документирование сети</h2>
<p>Идентификация и документирование сети непосредственно связаны с производительностью. Если вашей основной заботой является поддержание работы сети, идентификация и документирование сети имеют важное значение. Вы можете легко и быстро решить проблемы по мере их возникновения и свести простои к минимуму.</p>
<p><strong>Преимущества идентификации:</strong><br />►Быстрое нахождение кабеля, который вы ищете<br />►Быстрое определение, к чему кабель подключен</p>
<p><strong>Преимущества документирования:</strong><br />►Быстрое решение проблем по мере их возникновения<br />►Повышение общей безопасности сети<br />►Легкая регистрация изменений, получение четкой информации о сети</p>
<p>Правильно выполненная маркировка существенно влияет на управление инфраструктурой ЦОД и помогает организовать и структурировать все систему Датакома и Телекома. Особенно благотворно системная маркировка сказывается на изменениях в СКС - любые новые кабели органично добавляются в уже существующую систему. Если изменения были внесены без какой-либо регистрации или идентификации, будет трудно определить какие кабели к каким разъемам и коммутаторам нужно подключить. Ведь только 25% времени технического обслуживания уходит на решение проблемы – остальное время тратится на ее поиски.</p>
<h2>Стандарты и общие подходы</h2>
<p><img src=""/images/products/all/001.png"" alt="""" /></p>
<p>Важность и необходимость выполнения маркировки:</p>
<ul>
<li>Безопасность, надёжность и эффективность</li>
<li>Порядок в процедурах эксплуатации</li>
<li>Снижение влияния человеческого фактора</li>
</ul>
<p>Маркировке подлежат общие и технологические объекты:</p>
<ol>
<li>Здания, помещения, функциональные зоны, пути перемещения</li>
<li>Оборудование и объекты уровня здания</li>
<li>Оборудование в машзале, сетка фальшпола</li>
<li>Места расположения средств личной безопасности, важного сервисного оборудования и инструментов, ЗИП</li>
<li>ИТ-оборудование</li>
<li>Точки отказа</li>
<li>Элементы инженерной инфраструктуры:</li>
<li>Шкафы, ряды шкафов, элементы СКС, кабельный менеджмент</li>
<li>Оборудование безопасности</li>
<li>Механическое оборудование</li>
<li>Элементы системы электроснабжения</li>
</ol>
<p>Ключевые стандарты выполнения маркировки и идентификации в ЦОДах, Датакоме, Телекоме на сегодняшний день:</p>
<ul>
<li>TIA-606-В (2012) + А1 (декабрь 2015)</li>
<li>ISO/IEС TR 14763-2-1 (2011)</li>
</ul>
<h2>Общие и технологические объекты</h2>
<p><a href=""/images/data_center.jpg"" target=""_blank"" title=""УВЕЛИЧИТЬ""><img src=""/images/data_center_s.jpg"" alt=""маркировка цод"" /></a></p>
<p>Маркировка для ЦОД:</p>
<ul>
<li>должна быть понятной, однозначной</li>
<li>быть полезной, идентифицировать важные элементы инфраструктуры</li>
<li>находится в видимом и ожидаемом месте</li>
<li>быть читабельной с расстояния</li>
<li>разнообразной по исполнению</li>
<li>не мешать функционированию оборудования</li>
<li>быть стойкой к воздействиям</li>
<li>изготовлена на промышленных материалах, машинным способом</li>
</ul>
<h2>Решения BRADY для задач в ЦОД</h2>
<p><img src=""/images/products/all/003.png"" alt="""" /></p>
<p>Портативные принтеры BRADY для внесения изменений в маркировку кабелей и оборудования на месте смонтированного оборудования</p>
<table border=""0"">
<tbody>
<tr>
<td><a href=""/products/1539-brady-bmp21-plus"" target=""_blank"" title=""BRADY BMP21-Plus""><img src=""/images/products/printers/bmp21-plus/BMP21plus_.png"" alt=""принтер этикеток"" /></a></td>
<td><a href=""/products/1711-printer-etiketok-brady-bmp61"" target=""_blank"" title=""BRADY BMP61""><img src=""/images/products/printers/091.png"" alt=""принтер этикеток"" /></a></td>
<td><a href=""/products/613-printer-bmp71"" target=""_blank"" title=""BRADY BMP71""><img src=""/images/products/printers/092.jpg"" alt=""принтер этикеток"" /></a></td>
</tr>
</tbody>
</table>
<p>Программное обеспечение <a href=""/products/1690-codesoft-2015"" target=""_blank"">CodeSoft™</a> и <a href=""/products/1537-labelmark"" target=""_blank"">LableMark™</a> для разработки дизайна этикеток и управлению печатью</p>
<p>Программное обеспечение <a href=""/products/1689-brady-workstation"" target=""_blank"">WorkStation</a> для разработки дизайна этикеток и управлению печатью + <a href=""/about/news/676-mobilnye-vozmozhnosti-brady-workstation-pechat-etiketok-so-smartfona"" target=""_blank"">мобильные приложения WorkStation</a></p>
<p>Маркировка <a href=""/products/1661-lat-elat-markirovka-na-ofisnom-printere"" target=""_blank"">LAT/ELAT</a> — для печати на обычных офисных принтерах — самоламинирующиеся этикетки B-361</p>";html;;500;;;;
182056;Маркировка для Центров Обработки Данных [ЦОД];182056;Y;21.06.2016;;/upload/iblock/fcc/fccfbc3993da5884971bb057737a3d5d.jpg;<p>Готовые решения BRADY для маркировочных задач в ЦОД</p>;html;;"<p><img src=""/images/products/printers/Primenenie/reshenie/telecom.png"" alt=""телеком скс"" /></p>
<h2>Идентификация и документирование сети</h2>
<p>Идентификация и документирование сети непосредственно связаны с производительностью. Если вашей основной заботой является поддержание работы сети, идентификация и документирование сети имеют важное значение. Вы можете легко и быстро решить проблемы по мере их возникновения и свести простои к минимуму.</p>
<p><strong>Преимущества идентификации:</strong><br />►Быстрое нахождение кабеля, который вы ищете<br />►Быстрое определение, к чему кабель подключен</p>
<p><strong>Преимущества документирования:</strong><br />►Быстрое решение проблем по мере их возникновения<br />►Повышение общей безопасности сети<br />►Легкая регистрация изменений, получение четкой информации о сети</p>
<p>Правильно выполненная маркировка существенно влияет на управление инфраструктурой ЦОД и помогает организовать и структурировать всю систему Датакома и Телекома. Особенно благотворно системная маркировка сказывается на изменениях в СКС - любые новые кабели органично добавляются в уже существующую систему. Если изменения были внесены без какой-либо регистрации или идентификации, будет трудно определить какие кабели к каким разъемам и коммутаторам нужно подключить. Ведь только 25% времени технического обслуживания уходит на решение проблемы – остальное время тратится на ее поиски.</p>
<h2>Стандарты и общие подходы</h2>
<p><img src=""/images/products/all/001.png"" alt="""" /></p>
<p>Важность и необходимость выполнения маркировки:</p>
<ul>
<li>Безопасность, надёжность и эффективность</li>
<li>Порядок в процедурах эксплуатации</li>
<li>Снижение влияния человеческого фактора</li>
</ul>
<p>Маркировке подлежат общие и технологические объекты:</p>
<ol>
<li>Здания, помещения, функциональные зоны, пути перемещения</li>
<li>Оборудование и объекты уровня здания</li>
<li>Оборудование в машзале, сетка фальшпола</li>
<li>Места расположения средств личной безопасности, важного сервисного оборудования и инструментов, ЗИП</li>
<li>ИТ-оборудование</li>
<li>Точки отказа</li>
<li>Элементы инженерной инфраструктуры:</li>
<li>Шкафы, ряды шкафов, элементы СКС, кабельный менеджмент</li>
<li>Оборудование безопасности</li>
<li>Механическое оборудование</li>
<li>Элементы системы электроснабжения</li>
</ol>
<p>Ключевые стандарты выполнения маркировки и идентификации в ЦОДах, Датакоме, Телекоме на сегодняшний день:</p>
<ul>
<li>TIA-606-В (2012) + А1 (декабрь 2015)</li>
<li>ISO/IEС TR 14763-2-1 (2011)</li>
</ul>
<h2>Общие и технологические объекты</h2>
<p><a href=""/images/data_center.jpg"" target=""_blank"" title=""УВЕЛИЧИТЬ""><img src=""/images/data_center_s.jpg"" alt=""маркировка цод"" /></a></p>
<p>Маркировка для ЦОД:</p>
<ul>
<li>должна быть понятной, однозначной</li>
<li>быть полезной, идентифицировать важные элементы инфраструктуры</li>
<li>находится в видимом и ожидаемом месте</li>
<li>быть читабельной с расстояния</li>
<li>разнообразной по исполнению</li>
<li>не мешать функционированию оборудования</li>
<li>быть стойкой к воздействиям</li>
<li>изготовлена на промышленных материалах, машинным способом</li>
</ul>
<h2>Решения BRADY для задач в ЦОД</h2>
<p><img src=""/images/products/all/003.png"" alt="""" /></p>
<p>Портативные принтеры BRADY для внесения изменений в маркировку кабелей и оборудования на месте смонтированного оборудования</p>
<table border=""0"">
<tbody>
<tr>
<td><a href=""/products/1539-brady-bmp21-plus"" target=""_blank"" title=""BRADY BMP21-Plus""><img src=""/images/products/printers/bmp21-plus/BMP21plus_.png"" alt=""принтер этикеток"" /></a></td>
<td><a href=""/products/1711-printer-etiketok-brady-bmp61"" target=""_blank"" title=""BRADY BMP61""><img src=""/images/products/printers/091.png"" alt=""принтер этикеток"" /></a></td>
<td><a href=""/products/613-printer-bmp71"" target=""_blank"" title=""BRADY BMP71""><img src=""/images/products/printers/092.jpg"" alt=""принтер этикеток"" /></a></td>
</tr>
</tbody>
</table>
<p>Программное обеспечение <a href=""/products/1690-codesoft-2015"" target=""_blank"">CodeSoft™</a> и <a href=""/products/1537-labelmark"" target=""_blank"">LabelMark™</a> для разработки дизайна этикеток и управлению печатью</p>
<p>Программное обеспечение <a href=""/products/1689-brady-workstation"" target=""_blank"">WorkStation</a> для разработки дизайна этикеток и управлению печатью + <a href=""/about/news/676-mobilnye-vozmozhnosti-brady-workstation-pechat-etiketok-so-smartfona"" target=""_blank"">мобильные приложения WorkStation</a></p>
<p>Маркировка <a href=""/products/1661-lat-elat-markirovka-na-ofisnom-printere"" target=""_blank"">LAT/ELAT</a> — для печати на обычных офисных принтерах — самоламинирующиеся этикетки B-361</p>";html;;500;;;;
182057;Маркировка замасленных поверхностей [Масло];182057;Y;08.07.2017;;/upload/iblock/f70/f70e7a7793dcfe4b5ddfbcc8e278ed04.png;<p>Полиэстер с усиленным адгезивом</p>;html;;"<p><img src=""/images/products/printers/Primenenie/reshenie/mb.png"" alt="""" width=""400"" height=""300"" /></p>
<p>Раздел находится в стадии наполнения и скоро здесь появится много важной и полезной информации по интересующему Вас направлению.</p>";html;;500;;;;
182058;Маркировка кабеля и провода [Электроника ЦОД];182058;Y;14.04.2015;;/upload/iblock/319/319d0c00e92310de81cd4d31c0dcd15c.png;<p>Ясная и подробная система идентификации проводов</p>;html;;"<p> </p>
<p><img src=""/images/products/printers/Primenenie/marking_cable_brady_01.png"" alt=""маркировка кабеля; маркировка провода"" /></p>
<p>Идентификация провода необходима не только при прокладке кабеля, но также при модификации сети и осуществления ремонтных работ. Кроме того, идентификация провода и кабеля важна с точки зрения безопасности. Самым простым и эффективным решением для идентификации является маркировка кабеля и провода.</p>
<p>Ясная и подробная система идентификации проводов неизбежно сэкономит большое количество времени. Маркировка делает легким ремонт и инсталляцию, помогая инженеру локализовать проблему.</p>
<p>Крупнейший поставщик готовых решений для маркировки кабеля и провода компания BRADY предлагает целый ряд <a href=""/products/markirovka/thermotransfer"" target=""_blank"">принтеров для термотрансферной маркировки</a>.</p>
<p>Маркировка кабеля и провода может быть двух видов: <strong>самоклеящаяся</strong> и <strong>неклеевая</strong>, термотрансферные решения BRADY позволяют печатать этикетки обоих типов на любом из своих принтеров. Если вас интересует маркировка провода - советуем обратить внимание на <a href=""/products/1539-brady-bmp21-plus"" target=""_blank"">принтер этикеток BRADY BMP21-Plus</a>, компактный и удобный, с большим выбором материалов.</p>
<p>Маркировка кабеля требует устройства посерьезнее. В первую очередь познакомьтесь с портативным <a href=""/products/613-printer-bmp71"" target=""_blank"">принтером этикеток BRADY BMP71</a>. Обладая внушительным функционалом специально для печати маркировки для кабеля, он не занимает много места и снабжен ручкой для переноски к месту маркировки.</p>
<p> </p>
<p><strong><span>Самоламинирующиеся маркеры</span></strong></p>
<p> </p>
<p><img src=""/images/products/printers/Primenenie/marking_cable_brady_02.png"" alt=""маркировка кабеля; маркировка провода"" /></p>
<p>Самый эффективный и удобный способ маркировки провода от 2 мм до 56 мм</p>
<p><strong>Самоламинирующийся маркер</strong> представляет представляет собой пленку, имеющую матовую непрозрачную часть – для нанесения маркировки и прозрачную часть – для защиты уже нанесенной маркировки от различных, в том числе механических воздействий. Вся полоска имеет специальное клеевое покрытие, полимеризующееся при надавливании.</p>
<p>Прозрачная часть прочно защищает надписанное поле маркера, обеспечивает надежную маркировку даже на загрязненной поверхности кабеля. Маркировку с использованием самоламинирующегося маркера можно производить на любом этапе монтажа. Маркеры Brady отличаются прекрасной устойчивостью к внешним воздействиям, к абразивному истиранию</p>
<p>Смотрите как правильно использовать самоламинирующийся маркер в обучающем <strong>ВИДЕО</strong></p>
<p><iframe src=""https://www.youtube.com/embed/TiCVEoz5MrM"" frameborder=""0"" width=""853"" height=""480""></iframe></p>
<p> </p>
<p><strong><span>Маркеры на картах</span></strong></p>
<p> </p>
<p><img src=""/images/products/kards.png"" alt=""маркировка кабеля; маркировка провода"" /></p>
<p><strong>Самый простой</strong> способ маркировки кабеля и провода</p>
<p><strong>Готовый</strong> маркер снимается с карты и оборачивается вокруг провода</p>
<p><strong>Карты</strong> с цифровыми самоклеящимися кабельными маркерами</p>
<p><strong>Цвета:</strong> белый, красный, желтый, оранжевый, синий, зеленый, коричневый, черный</p>
<p> </p>
<p> </p>
<p> </p>
<p> </p>
<p> </p>
<p> </p>
<p><strong><span>Плоские кабельные маркеры</span></strong></p>
<p> </p>
<p><img src=""/images/pictures/brd_cbl_markers.jpg"" alt=""маркировка кабеля; маркировка провода"" /></p>
<p>Это <strong>наиболее дешевый</strong> способ маркировки кабелей и проводов как на концах, так и в середине. Он обеспечивает:</p>
<p>• <strong>доступность маркировки</strong> - можно наносить идентификационную информацию на принтере любого типа или вручную. Объем информации ограничен только размером этикетки</p>
<p>• <strong>экономичность</strong> - этикетки такого типа самые дешевые по сравнению с другими типами</p>
<p>• маркировку кабеля и провода <strong>любого диаметра</strong></p>
<p>BRADY предлагает этикетки из более чем <strong>180 пленочных материалов</strong>. Наиболее популярен полиэстер, как наиболее дешевый пленочный материал. Но также применяются и другие материалы в зависимости от требований к среде эксплуатации.</p>
<p> </p>
<p> </p>
<p><strong><span>Пластиковые клипсы</span></strong></p>
<p> </p>
<p><img src=""/images/products/brady/clip_sleeve.png"" alt=""маркировка кабеля; маркировка провода"" /></p>
<p>Пластиковые клипсы – известный и популярный способ маркировки кабелей и проводов в защищенных малоразветвленных сетях. Пластиковые клипсы белого и желтого цветов с цифровыми и буквенными значениями позволяют создавать легенду любой сложности на кабеле и проводе.</p>
<p>Клипса представляет собой разомкнутое кольцо, которое поставляется на специальном «стерженьке» с направляющими. Стерженек имеет на конце расширяющийся «рожок» для облегчения установки клипсы на провод или кабель.</p>
<p>И как-то не совсем понятно, что за стерженек и как все-таки наносить маркировку? Предлагаем вашему вниманию <strong>видео-обзор</strong> как правильно и быстро наносить клипсы на провода:</p>
<p><iframe src=""https://www.youtube-nocookie.com/embed/12v35HEQni8"" frameborder=""0"" width=""854"" height=""480""></iframe></p>
<p> </p>
<p><strong><span>Сменный маркер для провода и кабеля Ademark</span></strong></p>
<p> </p>
<p><img src=""/images/ademark.jpg"" alt=""маркировка кабеля; маркировка провода"" /></p>
<p><strong>Контейнеры Ademark</strong> изготовлены из прозрачного ПВХ. Сменный маркер представляет собой прозрачный контейнер с двумя каналами - один для кабеля или провода и второй для маркера.</p>
<p>Специальная форма контейнеров позволяет адаптировать их под кабели различных диаметров. Cуществует <strong>семь размеров контейнеров</strong>, которые предназначены для кабелей с внешним диаметром от 1.3 до 24 мм.</p>
<p>• легкость смены идентификатора - его просто вставляют в гнездо</p>
<p>• надежность крепления - контейнер со вставкой случайно удалить довольно сложно</p>
<p>• температурный диапазон: от -40°С до +60°С</p>";html;;500;;;;
182059;Маркировка с индикацией изменения температуры [Безопасность LOTO];182059;Y;05.12.2016;;/upload/iblock/a4b/a4b56ff1866328bdcb363ddb6246d8f5.png;<p>Контроль температурного диапазона оборудования</p>;html;;"<p><img src=""/images/products/printers/Primenenie/reshenie/temp.png"" alt="""" width=""400"" height=""300"" /></p>
<h1>Этикетки TIL – индикатор температуры поверхности</h1>
<p>Brady представляет новую серию температурных индикаторных этикеток (TIL), показывающих изменение температуры оборудования в указанном диапазоне. Идеально подходят для применения во время проведения стандартного технического обслуживания оборудования. Этикетки позволят контролировать температурный диапазон оборудования при обследовании и на этапе ремонта. Необратимо меняют цвет при достижении контрольного значения нагрева.</p>
<p><strong>Основные характеристики</strong></p>
<p>Необратимые температурные этикетки обеспечивают постоянную запись значения самой высокой температуры, достигнутой на данной части оборудования. При достижении деталью оборудования определенной температуры, белая область на этикетке окрашивается в черный цвет, создавая ясное доказательство достигнутой высокой температуры.</p>
<p>Очень просты в применении: просто снимите с подложки и наклейте на сухую и чистую поверхность.</p>
<p>Серия TIL подходит для фиксации температур в диапазоне +37...+210°C (+100...+410°F).</p>
<p><strong>Особенности и преимущества</strong></p>
<ul>
<li><em>Непрерывный контроль</em>: нет риска потери температурного контроля как у обычных измерительных средств в результате утраты источника питания или пустой батареи. Гарантия непрерывного контроля</li>
<li><em>Ультратонкий профиль</em>: тонкий профиль этикеток позволяет применять их на компонентах или в тех местах, где использование обычных самопишущих устройств оказывается непрактичным</li>
<li><em>Старение технологий</em>: когда технологии или приборы имеют такой возраст, что нельзя установить температурные измерительные приборы, эти этикетки обеспечат мгновенное решение контроля температур</li>
<li><em>Временная установка</em>: когда не выполнима установка дорогостоящих контрольных систем на короткие промежутки времени, оптимальным будет использовать неинсталлируемое маркировочное решение</li>
</ul>
<p><strong>Отрасли применения</strong></p>
<ul>
<li>автомобильная промышленность</li>
<li>аэрокосмическая отрасль</li>
<li>лаборатории и фармацевтическая отрасль</li>
<li>производство компьютеров и электроники</li>
</ul>
<p><strong>Применение</strong></p>
<ul>
<li>Электрика</li>
<li>Двигатели</li>
<li>Помпы</li>
<li>Трансформаторы</li>
<li>Тормозные колодки</li>
<li>Аккумуляторы и батареи</li>
<li>Электросхемы</li>
<li>Пульты управления</li>
<li>Бойлеры</li>
</ul>
<p><img src=""/images/products/til_artikul.gif"" alt="""" /></p>
<p><strong>Заказные этикетки</strong><br />Другие температурные диапазоны, размеры и дизайн доступны по запросу.</p>
<p><strong>Срок хранения</strong><br />Срок хранения для этикеток с диапазоном свыше 37°C/100°F, при условии запечатанной пластиковой упаковки и хранении в холодильнике, составляет 12 месяцев. Для этикеток от 60°C/140°F - 182°C/360°F срок хранения 24 месяца.</p>
<p><strong>Транспортировка</strong><br />Для транспортировки этикеток с температурным диапазоном от 37°C/100°F необходим специальный рефрижераторный контейнер.</p>
<table class=""table table-bordered"">
<thead>
<tr><th>Картинка</th><th>Артикул</th><th>Описание</th><th>Индикация температуры</th><th>Размеры, мм</th><th>Этикеток на листе, шт</th><th>Листов в упаковке, шт</th><th>Этикеток в упаковке, шт</th></tr>
</thead>
<tbody>
<tr>
<td> <img src=""/images/products/printers/Primenenie/TIL _level_maintenance.jpg"" alt="""" width=""100"" height=""100"" /></td>
<td> brd622080</td>
<td> TIL-1-82C/180F 1-уровневая индикация температуры 82°C</td>
<td> 82°C/180°F</td>
<td>20х20</td>
<td>10</td>
<td> 6</td>
<td> 60</td>
</tr>
<tr>
<td> <img src=""/images/products/printers/Primenenie/TIL_1_level single.jpg"" alt="""" width=""99"" height=""99"" /></td>
<td> brd622085</td>
<td> TIL-1-60C/140F-DIA 1-уровневая индикация температуры 60°C</td>
<td> 60°C/140°F</td>
<td> Ø 13</td>
<td>15</td>
<td>4 </td>
<td>60 </td>
</tr>
<tr>
<td> <img src=""/images/products/printers/Primenenie/TIL_1_level single.jpg"" alt="""" width=""99"" height=""99"" /></td>
<td> brd622086</td>
<td> TIL-1-71C/160F-DIA 1-уровневая индикация температуры 71°C</td>
<td> 71°C/160°F</td>
<td> Ø 13</td>
<td>15</td>
<td>4 </td>
<td>60 </td>
</tr>
<tr>
<td> <img src=""/images/products/printers/Primenenie/TIL_1_level single.jpg"" alt="""" width=""99"" height=""99"" /></td>
<td> brd622087</td>
<td> TIL-1-82C/180F-DIA 1-уровневая индикация температуры 82°C</td>
<td> 82°C/180°F</td>
<td> Ø 13</td>
<td>15</td>
<td>4 </td>
<td>60 </td>
</tr>
<tr>
<td> <img src=""/images/products/printers/Primenenie/TIL_4_level_label.jpg"" alt="""" width=""48"" height=""108"" /></td>
<td> brd622092</td>
<td> TIL-4-82C/180F 4-уровневая индикация температуры 82/93/104/116°C</td>
<td> 82-116°C/180-240°F</td>
<td> 20х45</td>
<td>5</td>
<td>6 </td>
<td>30 </td>
</tr>
<tr>
<td> <img src=""/images/products/printers/Primenenie/TIL_6_level_label.jpg"" alt="""" width=""128"" height=""49"" /></td>
<td> brd622095</td>
<td> TIL-6-37C/100F 6-уровневая индикация температуры 37/40/43/46/49/54°C</td>
<td> 37-54°C/100-130°F</td>
<td> 56х20</td>
<td>5</td>
<td>6 </td>
<td>30 </td>
</tr>
<tr>
<td> <img src=""/images/products/printers/Primenenie/TIL_6_level_label.jpg"" alt="""" width=""128"" height=""49"" /></td>
<td> brd622096</td>
<td> TIL-6-60C/140F 6-уровневая индикация температуры 60/62/65/71/77/82°C</td>
<td> 60-82°C/140-180°F</td>
<td> 56х20</td>
<td>5</td>
<td>6 </td>
<td>30 </td>
</tr>
<tr>
<td> <img src=""/images/products/printers/Primenenie/TIL_6_level_label.jpg"" alt="""" width=""128"" height=""49"" /></td>
<td> brd622097</td>
<td> TIL-6-88C/190F 6-уровневая индикация температуры 88/93/99/104/107/110°C</td>
<td> 88-110°C/190-230°F</td>
<td> 56х20</td>
<td>5</td>
<td>6 </td>
<td>30 </td>
</tr>
<tr>
<td> <img src=""/images/products/printers/Primenenie/TIL_6_level_label.jpg"" alt="""" width=""128"" height=""49"" /></td>
<td> brd622098</td>
<td> TIL-6-116C/240F 6-уровневая индикация температуры 116/121/127/135/138/143°C</td>
<td> 116-143°C/240-290°F</td>
<td> 56х20</td>
<td>5</td>
<td>6 </td>
<td>30 </td>
</tr>
<tr>
<td> <img src=""/images/products/printers/Primenenie/TIL_6_level_label.jpg"" alt="""" width=""128"" height=""49"" /></td>
<td> brd622099</td>
<td> TIL-6-149C/300F 6-уровневая индикация температуры 149/154/160/166/171/177°C</td>
<td> 149-177°C/300-350°F</td>
<td> 56х20</td>
<td>5</td>
<td>6 </td>
<td>30 </td>
</tr>
<tr>
<td> <img src=""/images/products/printers/Primenenie/TIL_6_level_label.jpg"" alt="""" width=""128"" height=""49"" /></td>
<td> brd622100</td>
<td> TIL-6-182C/360F 6-уровневая индикация температуры 182/188/193/199/204/210°C</td>
<td> 182-210°C/360-410°F</td>
<td> 56х20</td>
<td>5</td>
<td>6 </td>
<td>30 </td>
</tr>
</tbody>
</table>";html;;500;;;;
182060;Маркировка трубопровода [Безопасность Трубы LOTO];182060;Y;18.10.2017;;/upload/iblock/f22/f22c71a2b107545ab71b7de0867217b4.png;<p>Опознавательные таблички различных цветов</p>;html;;"<p><img src=""/images/products/printers/Primenenie/reshenie/Truba.png"" alt="""" width=""400"" height=""300"" /></p>
<p>В технологической структуре любого предприятия присутствует большое количество различных трубопроводных магистралей.</p>
<p>Не промаркированные трубы ведут к ошибкам при сервисных/ремонтных работах, как следствие, риску возникновения аварий и других негативных последствий:</p>
<p><strong>Техногенные аварии</strong> - предприятие несет убытки, выплачивая страховые выплаты и компенсации.</p>
<p><strong>Простои объекта</strong> - потеря профессиональной репутации вследствие нарушения контрактных обязательств.</p>
<p>Маркировка труб осуществляется в соответствии с требованиями <em>ГОСТ 14202-69</em><span>.</span></p>
<p>Цветовая идентификация укрупненных групп трубопроводов осуществляется в соответствии с требованием <em>ГОСТ 14202-69</em><span>.</span></p>
<p> </p>
<p><strong>ОСНОВНЫЕ ТРЕБОВАНИЯ, ПРЕДЪЯВЛЯЕМЫЕ К МАРКИРОВКЕ ТРУБОПРОВОДОВ:</strong></p>
<ul>
<li>Маркер трубопровода указывает направление потока</li>
<li>Маркер трубы имеет определенный цвет идентификации в зависимости от транспортируемой субстанции</li>
<li>Маркер содержит название транспортируемого химиката/ вещества (полностью)</li>
<li>Маркер содержит химический символ транспортируемого вещества</li>
</ul>";html;;500;;;;
182061;Маркировка щитов автоматики и управления [ЦОД Электроника];182061;Y;11.09.2018;;/upload/iblock/3a5/3a5992080bd78b1a764fc515fa46d46e.png;<p>Маркировка BRADY для электротехнических шкафов</p>;html;;"<p><img src=""/images/products/printers/Primenenie/reshenie/schit.png"" alt="""" width=""400"" height=""300"" /></p>
<p>Раздел находится в стадии наполнения и скоро здесь появится много важной и полезной информации по интересующему Вас направлению.</p>";html;;500;;;;
182062;Складская маркировка [Логистика];182062;Y;18.03.2018;;/upload/iblock/a90/a90b3aae56523bdb07a6baf41de25c3c.png;<p>Идентификационные решения для склада</p>;html;;"<p><img src=""/images/products/printers/Primenenie/reshenie/sklad.png"" alt="""" width=""400"" height=""300"" /></p>
<p>Раздел находится в стадии наполнения и скоро здесь появится много важной и полезной информации по интересующему Вас направлению.</p>";html;;500;;;;
182063;Техника безопасности [Безопасность Система 5S];182063;Y;23.11.2018;;/upload/iblock/24c/24c48a91cc7cd19936577e289419adb6.png;<p>Техника безопасности и охрана труда</p>;html;;"<p><img src=""/images/products/printers/Primenenie/reshenie/ottb.png"" alt="""" width=""400"" height=""300"" /></p>
<p>Раздел находится в стадии наполнения и скоро здесь появится много важной и полезной информации по интересующему Вас направлению.</p>";html;;500;;;;
182064;Этикетки на заказ;182064;Y;30.05.2018;;/upload/iblock/5a5/5a5d86ad357de63df14cbe045ae83d98.png;<p>Уникальные этикетки по вашим требованиям</p>;html;;"<p><img src=""/images/products/printers/Primenenie/reshenie/indiv.png"" width=""400"" height=""300"" /></p>
<p>Раздел находится в стадии наполнения и скоро здесь появится много важной и полезной информации по интересующему Вас направлению.</p>";html;;500;;;;
